"","Rank","p.value","p.adj","avg.logfc","avg.logfc.dir","direction","significance"
"GO_MITOTIC_CELL_CYCLE",1,1.20124027949337e-19,5.75754465961174e-16,1,1,"Up",100
"GO_CELL_CYCLE",2,3.86373172709437e-17,9.25943308398166e-14,1,1,"Up",85.5224314985361
"GO_CELL_CYCLE_PROCESS",3,1.14957168158601e-16,1.83663235661392e-13,1,1,"Up",83.5707092844294
"GO_SINGLE_ORGANISM_CATABOLIC_PROCESS",4,1.00701258949767e-13,1.20665283536559e-10,1,1,"Up",65.0824941799188
"GO_REGULATION_OF_CELL_CYCLE",5,1.19985278955083e-12,9.58482403386191e-10,1,1,"Up",59.1768785542253
"GO_CATABOLIC_PROCESS",6,1.07452866205136e-12,9.58482403386191e-10,1,1,"Up",59.1768785542253
"GO_LYSOSOMAL_LUMEN",7,1.78305696051682e-12,1.22088457310816e-09,1,1,"Up",58.487297855874
"GO_ENZYME_BINDING",8,3.93922336789923e-12,2.36008720029263e-09,1,1,"Up",56.6089651720489
"GO_MITOTIC_NUCLEAR_DIVISION",9,8.85847063793809e-12,4.7176277519597e-09,1,1,"Up",54.6352098961595
"GO_NEGATIVE_REGULATION_OF_CELLULAR_COMPONENT_ORGANIZATION",10,1.40854263751781e-11,6.69955443248387e-09,1,1,"Up",53.6357044995729
"GO_CELL_PROJECTION",11,1.53755682781812e-11,6.69955443248387e-09,1,1,"Up",53.6357044995729
"GO_RESPONSE_TO_ENDOGENOUS_STIMULUS",12,6.01752987819437e-11,2.26172370392147e-08,1,1,"Up",50.1685007079085
"GO_REGULATION_OF_CELL_CYCLE_PROCESS",13,6.13444776778199e-11,2.26172370392147e-08,1,1,"Up",50.1685007079085
"GO_REGULATION_OF_ORGANELLE_ORGANIZATION",14,8.44081675430753e-11,2.88977390738543e-08,1,1,"Up",49.4701675519528
"GO_ESTABLISHMENT_OF_LOCALIZATION_IN_CELL",15,1.41026686836487e-10,4.50627273338188e-08,1,1,"Up",48.2040480485001
"GO_CELL_CYCLE_G1_S_PHASE_TRANSITION",16,2.00042008954995e-10,5.64000793483113e-08,1,1,"Up",47.5645220664297
"GO_G1_S_TRANSITION_OF_MITOTIC_CELL_CYCLE",17,2.00042008954995e-10,5.64000793483113e-08,1,1,"Up",47.5645220664297
"GO_SISTER_CHROMATID_SEGREGATION",18,2.84999565937457e-10,7.58890510854573e-08,1,1,"Up",46.7187122586494
"GO_CHROMOSOME_SEGREGATION",19,3.54554897094855e-10,8.94411379881915e-08,1,1,"Up",46.2504753492755
"GO_VACUOLAR_LUMEN",20,5.1324098070195e-10,1.22998201025222e-07,1,1,"Up",45.3425777257898
"GO_TISSUE_DEVELOPMENT",21,6.27368050042539e-10,1.43189288754947e-07,1,1,"Up",44.9094228679333
"GO_NUCLEAR_CHROMOSOME_SEGREGATION",22,7.01149048389718e-10,1.49706741433808e-07,1,1,"Up",44.7825782051283
"GO_VACUOLE",23,7.18392458372124e-10,1.49706741433808e-07,1,1,"Up",44.7825782051283
"GO_POSITIVE_REGULATION_OF_CELL_CYCLE",24,9.78067699053052e-10,1.95328270065053e-07,1,1,"Up",44.0245365698704
"GO_PROTEIN_LOCALIZATION",25,1.07464989234143e-09,2.060318773597e-07,1,1,"Up",43.8725045692126
"GO_VACUOLAR_PART",26,1.64064605961199e-09,3.02446790912319e-07,1,1,"Up",42.7785599689362
"GO_ION_TRANSPORT",27,1.89475447387876e-09,3.24341364046461e-07,1,1,"Up",42.5793878515702
"GO_REGULATION_OF_MICROTUBULE_BASED_PROCESS",28,1.87074031784925e-09,3.24341364046461e-07,1,1,"Up",42.5793878515702
"GO_TRANSMEMBRANE_TRANSPORT",29,2.87327920553641e-09,4.74883697659862e-07,1,1,"Up",41.4928556956894
"GO_CELL_CYCLE_PHASE_TRANSITION",30,3.08524215438674e-09,4.88899504456321e-07,1,1,"Up",41.4099650599297
"GO_REGULATION_OF_CELL_DIVISION",31,3.16208734365657e-09,4.88899504456321e-07,1,1,"Up",41.4099650599297
"GO_TRANSPORTER_ACTIVITY",32,3.6088939114627e-09,5.40544641176272e-07,1,1,"Up",41.1237928271078
"GO_TRANSMEMBRANE_TRANSPORTER_ACTIVITY",33,3.92894602559768e-09,5.70649645475445e-07,1,1,"Up",40.9693416977928
"GO_DNA_DEPENDENT_DNA_REPLICATION",34,6.1891755590552e-09,8.72491719251518e-07,1,1,"Up",39.759403158577
"GO_MICROTUBULE_CYTOSKELETON_ORGANIZATION",35,6.52707637849178e-09,8.93836488060318e-07,1,1,"Up",39.6905256713659
"GO_NEURON_PART",36,7.10027478978434e-09,9.45322696317677e-07,1,1,"Up",39.530929973341
"GO_CYTOSKELETON_ORGANIZATION",37,7.58731997210856e-09,9.61638156223623e-07,1,1,"Up",39.4821654208897
"GO_RESPONSE_TO_INORGANIC_SUBSTANCE",38,7.62408719726636e-09,9.61638156223623e-07,1,1,"Up",39.4821654208897
"GO_GOLGI_APPARATUS",39,7.95622739547764e-09,9.77799946321137e-07,1,1,"Up",39.434669130146
"GO_MICROTUBULE",40,8.33727415500051e-09,9.99013875622937e-07,1,1,"Up",39.3735034057874
"GO_NEGATIVE_REGULATION_OF_ORGANELLE_ORGANIZATION",41,8.66815235298114e-09,1.0133281518985e-06,1,1,"Up",39.3329608591034
"GO_POSITIVE_REGULATION_OF_CELL_CYCLE_PROCESS",42,9.63619344147158e-09,1.09967321821365e-06,1,1,"Up",39.0999287525657
"GO_SMALL_MOLECULE_METABOLIC_PROCESS",43,1.04853458008033e-08,1.14218778234659e-06,1,1,"Up",38.9918308613283
"GO_RESPONSE_TO_ORGANIC_CYCLIC_COMPOUND",44,1.03192500344677e-08,1.14218778234659e-06,1,1,"Up",38.9918308613283
"GO_DNA_REPLICATION",45,1.14853467302193e-08,1.22331704173202e-06,1,1,"Up",38.7962798142883
"GO_CELLULAR_CATABOLIC_PROCESS",46,1.18548634773665e-08,1.23522523145691e-06,1,1,"Up",38.7686735549008
"GO_ORGANELLE_FISSION",47,1.33352268174029e-08,1.34521503083665e-06,1,1,"Up",38.5255886866741
"GO_ADENYL_NUCLEOTIDE_BINDING",48,1.34717966785226e-08,1.34521503083665e-06,1,1,"Up",38.5255886866741
"GO_RESPONSE_TO_NITROGEN_COMPOUND",49,1.39827536578149e-08,1.36774159758993e-06,1,1,"Up",38.4782628566493
"GO_GOLGI_APPARATUS_PART",50,1.63741503081609e-08,1.56962604854031e-06,1,1,"Up",38.0859198579646
"GO_CELL_DIVISION",51,1.76368690213197e-08,1.60207503073401e-06,1,1,"Up",38.0276075695859
"GO_REGULATION_OF_PROTEIN_MODIFICATION_PROCESS",52,1.72720944700053e-08,1.60207503073401e-06,1,1,"Up",38.0276075695859
"GO_CELLULAR_RESPONSE_TO_STRESS",53,1.77154134422914e-08,1.60207503073401e-06,1,1,"Up",38.0276075695859
"GO_NEURON_PROJECTION",54,2.4464955256295e-08,2.17149130635966e-06,1,1,"Up",37.1609586198658
"GO_MICROTUBULE_BASED_PROCESS",55,2.51469706963452e-08,2.18109332161241e-06,1,1,"Up",37.1483852417869
"GO_NEGATIVE_REGULATION_OF_CYTOSKELETON_ORGANIZATION",56,2.54832518277268e-08,2.18109332161241e-06,1,1,"Up",37.1483852417869
"GO_CARDIOVASCULAR_SYSTEM_DEVELOPMENT",57,3.25579969840101e-08,2.69052550938553e-06,1,1,"Up",36.5501943909989
"GO_CIRCULATORY_SYSTEM_DEVELOPMENT",58,3.25579969840101e-08,2.69052550938553e-06,1,1,"Up",36.5501943909989
"GO_RIBONUCLEOTIDE_BINDING",59,4.2729064716304e-08,3.4711933421228e-06,1,1,"Up",35.8241877438635
"GO_NEGATIVE_REGULATION_OF_PROTEIN_METABOLIC_PROCESS",60,5.59590953887265e-08,4.47019906996944e-06,1,1,"Up",35.1033887261483
"GO_ANATOMICAL_STRUCTURE_FORMATION_INVOLVED_IN_MORPHOGENESIS",61,6.12650681365714e-08,4.81382740292765e-06,1,1,"Up",34.8923378611362
"GO_ORGANONITROGEN_COMPOUND_CATABOLIC_PROCESS",62,6.39787915631233e-08,4.94597335422661e-06,1,1,"Up",34.8151630537767
"GO_REGULATION_OF_MITOTIC_CELL_CYCLE",63,7.88845413351861e-08,6.00148581935789e-06,1,1,"Up",34.2639273575827
"GO_INTRACELLULAR_VESICLE",64,8.76209949043612e-08,6.56199107150942e-06,1,1,"Up",34.0094821167046
"GO_NEGATIVE_REGULATION_OF_CELL_CYCLE_PROCESS",65,9.09362608050964e-08,6.70549996982811e-06,1,1,"Up",33.9478306989318
"GO_NEGATIVE_REGULATION_OF_CELL_CYCLE",66,1.06266459087568e-07,7.71719906676842e-06,1,1,"Up",33.5473747372406
"GO_REGULATION_OF_CELL_DIFFERENTIATION",67,1.21370589290618e-07,8.68252588761096e-06,1,1,"Up",33.2115008472449
"GO_RESPONSE_TO_METAL_ION",68,1.45770903066657e-07,1.01172310703288e-05,1,1,"Up",32.7756962773806
"GO_REGULATION_OF_CELL_PROLIFERATION",69,1.44353662123554e-07,1.01172310703288e-05,1,1,"Up",32.7756962773806
"GO_LYTIC_VACUOLE",70,1.47758434158777e-07,1.01172310703288e-05,1,1,"Up",32.7756962773806
"GO_ORGANIC_ACID_METABOLIC_PROCESS",71,1.52778396943567e-07,1.03136176978946e-05,1,1,"Up",32.720909597558
"GO_REGULATION_OF_MICROTUBULE_POLYMERIZATION_OR_DEPOLYMERIZATION",72,1.88349851931512e-07,1.25383450042741e-05,1,1,"Up",32.1642789703606
"GO_NEGATIVE_REGULATION_OF_PROTEIN_COMPLEX_DISASSEMBLY",73,1.91713995281624e-07,1.2587468210751e-05,1,1,"Up",32.1531359419835
"GO_HYDROLASE_ACTIVITY_ACTING_ON_ACID_ANHYDRIDES",74,2.15746091796327e-07,1.39739326754026e-05,1,1,"Up",31.8553605715816
"GO_REGULATION_OF_PHOSPHORUS_METABOLIC_PROCESS",75,2.93140776865569e-07,1.87336499135556e-05,1,1,"Up",31.0200210971712
"GO_ENDOPLASMIC_RETICULUM",76,2.98795798637163e-07,1.88437929324726e-05,1,1,"Up",31.0033153040287
"GO_AMINOGLYCAN_METABOLIC_PROCESS",77,3.44563119841141e-07,2.1447935498683e-05,1,1,"Up",30.6344304809672
"GO_NEUROGENESIS",78,3.52405437288221e-07,2.16548623195185e-05,1,1,"Up",30.6070682966905
"GO_RESPONSE_TO_OXYGEN_CONTAINING_COMPOUND",79,3.63294172574116e-07,2.20413793563005e-05,1,1,"Up",30.5566518786766
"GO_MITOTIC_SISTER_CHROMATID_SEGREGATION",80,4.32285917891432e-07,2.52853964595646e-05,1,1,"Up",30.1653662699997
"GO_NEGATIVE_REGULATION_OF_PHOSPHORUS_METABOLIC_PROCESS",81,4.4314068487449e-07,2.52853964595646e-05,1,1,"Up",30.1653662699997
"GO_NEGATIVE_REGULATION_OF_PHOSPHORYLATION",82,4.3667672344718e-07,2.52853964595646e-05,1,1,"Up",30.1653662699997
"GO_NEGATIVE_REGULATION_OF_PHOSPHATE_METABOLIC_PROCESS",83,4.4314068487449e-07,2.52853964595646e-05,1,1,"Up",30.1653662699997
"GO_SPINDLE",84,4.31554067365579e-07,2.52853964595646e-05,1,1,"Up",30.1653662699997
"GO_UROGENITAL_SYSTEM_DEVELOPMENT",85,4.70741748952352e-07,2.62356418921933e-05,1,1,"Up",30.060233879605
"GO_SPINDLE_MICROTUBULE",86,4.7060140290928e-07,2.62356418921933e-05,1,1,"Up",30.060233879605
"GO_MONOCARBOXYLIC_ACID_METABOLIC_PROCESS",87,5.1752092368877e-07,2.85112389337962e-05,1,1,"Up",29.8231934735152
"GO_SMALL_MOLECULE_CATABOLIC_PROCESS",88,5.30965090298649e-07,2.89194963386526e-05,1,1,"Up",29.7826768624449
"GO_REGULATION_OF_TRANSFERASE_ACTIVITY",89,5.63601137922112e-07,3.03521376860751e-05,1,1,"Up",29.6448888991789
"GO_CELLULAR_MACROMOLECULE_LOCALIZATION",90,6.20946188819129e-07,3.30688342556676e-05,1,1,"Up",29.4005963695186
"GO_REGULATION_OF_KINASE_ACTIVITY",91,6.38219857243015e-07,3.32498671278888e-05,1,1,"Up",29.3850381960338
"GO_RESPONSE_TO_HORMONE",92,6.35989550869979e-07,3.32498671278888e-05,1,1,"Up",29.3850381960338
"GO_REGULATION_OF_MULTICELLULAR_ORGANISMAL_DEVELOPMENT",93,6.78565353997342e-07,3.49716531366587e-05,1,1,"Up",29.2411629366172
"GO_REGULATION_OF_NUCLEAR_DIVISION",94,7.1088424655747e-07,3.62475339760633e-05,1,1,"Up",29.1390464948666
"GO_CELL_PROLIFERATION",95,7.38331714210675e-07,3.72507779601239e-05,1,1,"Up",29.0612442233102
"GO_ION_TRANSMEMBRANE_TRANSPORT",96,8.10849087628134e-07,4.04833299687672e-05,1,1,"Up",28.8240956409029
"GO_CELL_DEVELOPMENT",97,8.91007875361862e-07,4.40268118207155e-05,1,1,"Up",28.5849776847385
"GO_REGULATION_OF_CYTOSKELETON_ORGANIZATION",98,9.2679697295257e-07,4.53279376669558e-05,1,1,"Up",28.5019795250419
"GO_CELLULAR_LIPID_METABOLIC_PROCESS",99,1.08130930027649e-06,5.23506613760123e-05,1,1,"Up",28.0914992959047
"GO_MICROTUBULE_CYTOSKELETON",100,1.12552207810212e-06,5.39462732034348e-05,1,1,"Up",28.0059384180409
"GO_REGULATION_OF_TRANSCRIPTION_INVOLVED_IN_G1_S_TRANSITION_OF_MITOTIC_CELL_CYCLE",101,1.29943672620969e-06,6.1665348799238e-05,1,1,"Up",27.6248317953422
"GO_SOMATODENDRITIC_COMPARTMENT",102,1.31389191410847e-06,6.17400386698227e-05,1,1,"Up",27.6213822350282
"GO_PROTEIN_COMPLEX_SUBUNIT_ORGANIZATION",103,1.3275947394888e-06,6.17782678288332e-05,1,1,"Up",27.6196182311635
"GO_CELL_JUNCTION",104,1.34283648688392e-06,6.18866854003327e-05,1,1,"Up",27.6146214624048
"GO_MITOTIC_SPINDLE_ORGANIZATION",105,1.45583465217049e-06,6.64553855986014e-05,1,1,"Up",27.4116461270194
"GO_ATPASE_ACTIVITY_COUPLED_TO_MOVEMENT_OF_SUBSTANCES",106,1.47097629557807e-06,6.65131074028839e-05,1,1,"Up",27.4091719698682
"GO_CELLULAR_RESPONSE_TO_ORGANIC_SUBSTANCE",107,1.68406496249056e-06,7.54366669646471e-05,1,1,"Up",27.0504048762392
"GO_NEGATIVE_REGULATION_OF_MOLECULAR_FUNCTION",108,1.71471711511264e-06,7.54984176956326e-05,1,1,"Up",27.0480730937997
"GO_MEMBRANE_REGION",109,1.71694711638305e-06,7.54984176956326e-05,1,1,"Up",27.0480730937997
"GO_CARBOHYDRATE_DERIVATIVE_METABOLIC_PROCESS",110,1.83353988410836e-06,7.98923333139216e-05,1,1,"Up",26.8868681196289
"GO_CHROMOSOME",111,1.86721202686845e-06,8.0626551754779e-05,1,1,"Up",26.8607982844655
"GO_LIPID_METABOLIC_PROCESS",112,1.92079991924773e-06,8.21999465442354e-05,1,1,"Up",26.8057223030104
"GO_NEGATIVE_REGULATION_OF_PROTEIN_MODIFICATION_PROCESS",113,2.12435101705208e-06,9.01063223427489e-05,1,1,"Up",26.5440139667935
"GO_CELL_BODY",114,2.35090731287131e-06,9.8841217110458e-05,1,1,"Up",26.2803430623987
"GO_ACTIVE_TRANSMEMBRANE_TRANSPORTER_ACTIVITY",115,2.48258054722555e-06,0.000103469639676974,1,1,"Up",26.1499286160829
"GO_MHC_CLASS_I_PROTEIN_COMPLEX",116,2.73726260919033e-06,0.000113100859360769,1,1,"Up",25.8962962670452
"GO_REGULATION_OF_PROTEIN_COMPLEX_DISASSEMBLY",117,2.84651382300696e-06,0.000116609750031388,1,1,"Up",25.8092282472067
"GO_HYDROLASE_ACTIVITY_ACTING_ON_ESTER_BONDS",118,2.9324625564421e-06,0.000119112652822263,1,1,"Up",25.7487087170398
"GO_ATPASE_ACTIVITY",119,2.98635580154941e-06,0.000120282381149801,1,1,"Up",25.7208597283138
"GO_MOVEMENT_OF_CELL_OR_SUBCELLULAR_COMPONENT",120,3.46951398247475e-06,0.000138578170983346,1,1,"Up",25.3173573290695
"GO_LIPID_CATABOLIC_PROCESS",121,3.88281813257428e-06,0.000153804523218418,1,1,"Up",25.0202773568883
"GO_CELLULAR_LIPID_CATABOLIC_PROCESS",122,4.03503552497615e-06,0.000157235164806591,1,1,"Up",24.9574117293587
"GO_REGULATION_OF_TRANSPORT",123,4.00373342361101e-06,0.000157235164806591,1,1,"Up",24.9574117293587
"GO_ANATOMICAL_STRUCTURE_HOMEOSTASIS",124,4.2519914603055e-06,0.000164353186042293,1,1,"Up",24.8312388510088
"GO_RESPONSE_TO_DRUG",125,4.31133027138878e-06,0.000165313647926132,1,1,"Up",24.8146337237328
"GO_MONOCARBOXYLIC_ACID_CATABOLIC_PROCESS",126,4.42933274653791e-06,0.000168490411540922,1,1,"Up",24.7603908736416
"GO_SINGLE_ORGANISM_BIOSYNTHETIC_PROCESS",127,4.71643653980724e-06,0.000176608440119501,1,1,"Up",24.626292567545
"GO_CONDENSED_CHROMOSOME",128,4.69402481178788e-06,0.000176608440119501,1,1,"Up",24.626292567545
"GO_DNA_STRAND_ELONGATION_INVOLVED_IN_DNA_REPLICATION",129,4.8578021201292e-06,0.000180491826060304,1,1,"Up",24.5643094232082
"GO_NEGATIVE_REGULATION_OF_DEVELOPMENTAL_PROCESS",130,4.98051315808188e-06,0.000183627688974511,1,1,"Up",24.5152231620471
"GO_CARBOXYLIC_ACID_CATABOLIC_PROCESS",131,5.34984072842111e-06,0.000194255959176685,1,1,"Up",24.3548782635361
"GO_ORGANIC_ACID_CATABOLIC_PROCESS",132,5.34984072842111e-06,0.000194255959176685,1,1,"Up",24.3548782635361
"GO_CELL_PROJECTION_PART",133,5.47253473889247e-06,0.000197216984988809,1,1,"Up",24.3117675881841
"GO_NEGATIVE_REGULATION_OF_CATALYTIC_ACTIVITY",134,6.14739160998313e-06,0.000217067066968908,1,1,"Up",24.0384718432987
"GO_CATION_TRANSMEMBRANE_TRANSPORTER_ACTIVITY",135,6.07467588653321e-06,0.000217067066968908,1,1,"Up",24.0384718432987
"GO_IDENTICAL_PROTEIN_BINDING",136,6.15921575375996e-06,0.000217067066968908,1,1,"Up",24.0384718432987
"GO_CENTRAL_NERVOUS_SYSTEM_DEVELOPMENT",137,6.46679229686208e-06,0.000226243324663211,1,1,"Up",23.9204789554534
"GO_EXTRACELLULAR_SPACE",138,6.66912242213803e-06,0.000231631186734113,1,1,"Up",23.8534092884824
"GO_MOTOR_ACTIVITY",139,7.70925903289018e-06,0.00026583078089671,1,1,"Up",23.4609606916623
"GO_PHOSPHATE_CONTAINING_COMPOUND_METABOLIC_PROCESS",140,7.76534183801493e-06,0.000265852024497182,1,1,"Up",23.4607329661894
"GO_REGULATION_OF_CELL_CYCLE_PHASE_TRANSITION",141,8.11849558282915e-06,0.000275971271833334,1,1,"Up",23.3542752507762
"GO_CARBOHYDRATE_DERIVATIVE_CATABOLIC_PROCESS",142,8.54946431893727e-06,0.000288574524511735,1,1,"Up",23.2270153053274
"GO_VACUOLAR_MEMBRANE",143,9.2979529534429e-06,0.000311643975565397,1,1,"Up",23.0078468848424
"GO_RESPONSE_TO_ALCOHOL",144,9.4705929344382e-06,0.000315226055102516,1,1,"Up",22.9752783255917
"GO_NEGATIVE_REGULATION_OF_RESPONSE_TO_STIMULUS",145,1.01999589752787e-05,0.000337161402541453,1,1,"Up",22.7835709786066
"GO_ANION_TRANSPORT",146,1.09753905078505e-05,0.000360308539069367,1,1,"Up",22.5943508210594
"GO_RESPONSE_TO_STEROID_HORMONE",147,1.12286643307881e-05,0.000361201262667566,1,1,"Up",22.5872988405375
"GO_CONNECTIVE_TISSUE_DEVELOPMENT",148,1.12210557790562e-05,0.000361201262667566,1,1,"Up",22.5872988405375
"GO_CYTOSKELETAL_PROTEIN_BINDING",149,1.11041594479197e-05,0.000361201262667566,1,1,"Up",22.5872988405375
"GO_NEGATIVE_REGULATION_OF_KINASE_ACTIVITY",150,1.1526790324849e-05,0.000368319373513343,1,1,"Up",22.5316857473888
"GO_CATION_TRANSPORT",151,1.16555963524349e-05,0.000369968697465037,1,1,"Up",22.5189531519584
"GO_NEGATIVE_REGULATION_OF_PROTEIN_SERINE_THREONINE_KINASE_ACTIVITY",152,1.20320219775272e-05,0.000377644419847502,1,1,"Up",22.4604345813748
"GO_CONDENSED_CHROMOSOME_CENTROMERIC_REGION",153,1.20549960852635e-05,0.000377644419847502,1,1,"Up",22.4604345813748
"GO_BIOLOGICAL_ADHESION",154,1.21423137980529e-05,0.000377909805416022,1,1,"Up",22.45843265646
"GO_REGULATION_OF_CHROMOSOME_ORGANIZATION",155,1.23508914027033e-05,0.000381921435439722,1,1,"Up",22.4283411545011
"GO_METAL_ION_TRANSPORT",156,1.28765331408622e-05,0.000395623226565081,1,1,"Up",22.3278950586494
"GO_REGULATION_OF_CELL_DEATH",157,1.36947922558259e-05,0.000418083689695373,1,1,"Up",22.1705340480192
"GO_NEGATIVE_REGULATION_OF_CELL_PROJECTION_ORGANIZATION",158,1.44281205197235e-05,0.000437683428171106,1,1,"Up",22.0399750710746
"GO_RESPONSE_TO_ABIOTIC_STIMULUS",159,1.46060020483793e-05,0.000440292879357748,1,1,"Up",22.023035447231
"GO_HISTONE_ACETYLTRANSFERASE_BINDING",160,1.59300012987044e-05,0.000477203101404313,1,1,"Up",21.793625079213
"GO_KINETOCHORE",161,1.63257860618585e-05,0.000486021693133465,1,1,"Up",21.7414431873224
"GO_CYTOSKELETON",162,1.69484902276483e-05,0.000501445146056286,1,1,"Up",21.6524143882108
"GO_PROTEIN_COMPLEX_BIOGENESIS",163,1.76480689103645e-05,0.000512649662347739,1,1,"Up",21.5894393660462
"GO_PROTEIN_COMPLEX_ASSEMBLY",164,1.76480689103645e-05,0.000512649662347739,1,1,"Up",21.5894393660462
"GO_CONDENSED_NUCLEAR_CHROMOSOME_CENTROMERIC_REGION",165,1.76242049730412e-05,0.000512649662347739,1,1,"Up",21.5894393660462
"GO_NEGATIVE_REGULATION_OF_CELL_DIFFERENTIATION",166,1.78353271267999e-05,0.000514968210353926,1,1,"Up",21.5765799489424
"GO_ORGANOPHOSPHATE_ESTER_TRANSPORT",167,1.80326012591409e-05,0.000517546454102171,1,1,"Up",21.5623479877688
"GO_CHROMOSOME_ORGANIZATION",168,1.85729810814544e-05,0.000529065314550635,1,1,"Up",21.4996176621506
"GO_RESPONSE_TO_ESTROGEN",169,1.8654712739215e-05,0.000529065314550635,1,1,"Up",21.4996176621506
"GO_ESTABLISHMENT_OF_PROTEIN_LOCALIZATION",170,1.92692076730437e-05,0.000543278308099403,1,1,"Up",21.4240713756251
"GO_REGULATION_OF_CELL_CYCLE_G1_S_PHASE_TRANSITION",171,2.10195903691494e-05,0.000589163138241715,1,1,"Up",21.1930100225868
"GO_HYDROLASE_ACTIVITY_ACTING_ON_GLYCOSYL_BONDS",172,2.15773005637804e-05,0.000601279079082555,1,1,"Up",21.1350004156243
"GO_EXTRACELLULAR_STRUCTURE_ORGANIZATION",173,2.18206793029401e-05,0.000604546334676255,1,1,"Up",21.1195572672863
"GO_AMINOGLYCAN_CATABOLIC_PROCESS",174,2.2827436662821e-05,0.000628804045545408,1,1,"Up",21.0074444010562
"GO_POSITIVE_REGULATION_OF_CELLULAR_COMPONENT_ORGANIZATION",175,2.47461196927946e-05,0.000677760866786083,1,1,"Up",20.7937851530981
"GO_GOLGI_MEMBRANE",176,2.52660705166155e-05,0.000688069749921239,1,1,"Up",20.7507662707942
"GO_TUBE_DEVELOPMENT",177,2.63343808407432e-05,0.000713111228077301,1,1,"Up",20.6488958559246
"GO_POSITIVE_REGULATION_OF_CELL_DIVISION",178,2.69653483620941e-05,0.00072609502640178,1,1,"Up",20.5974765028185
"GO_POSITIVE_REGULATION_OF_MOLECULAR_FUNCTION",179,2.7151596698857e-05,0.00072702571495878,1,1,"Up",20.593826116445
"GO_INTRINSIC_COMPONENT_OF_PLASMA_MEMBRANE",180,2.74482632245321e-05,0.00073088625352879,1,1,"Up",20.5787338761123
"GO_POSITIVE_REGULATION_OF_NUCLEAR_DIVISION",181,2.87257965221487e-05,0.000760678136633473,1,1,"Up",20.4648794772321
"GO_MUCOPOLYSACCHARIDE_METABOLIC_PROCESS",182,2.99813811874082e-05,0.000787737035218757,1,1,"Up",20.3652694602029
"GO_VESICLE_MEMBRANE",183,3.00763357907433e-05,0.000787737035218757,1,1,"Up",20.3652694602029
"GO_TRANSCRIPTION_FACTOR_ACTIVITY_RNA_POLYMERASE_II_CORE_PROMOTER_PROXIMAL_REGION_SEQUENCE_SPECIFIC_BINDING",184,3.06997802652347e-05,0.00079969590658299,1,1,"Up",20.322331725839
"GO_MICROTUBULE_MOTOR_ACTIVITY",185,3.10768458815848e-05,0.000805142282759114,1,1,"Up",20.3029891568723
"GO_DNA_STRAND_ELONGATION",186,3.18761392395238e-05,0.000821410405242137,1,1,"Up",20.24598324693
"GO_CILIUM_MOVEMENT",187,3.24869185566624e-05,0.000832672730706327,1,1,"Up",20.207175935669
"GO_MICROTUBULE_BASED_MOVEMENT",188,3.49669232639059e-05,0.000891470548956919,1,1,"Up",20.0127328943206
"GO_SYNAPSE",189,3.57658916035995e-05,0.000907015441566416,1,1,"Up",19.9634691310075
"GO_RESPONSE_TO_LIPID",190,3.61011858801548e-05,0.000910699915387274,1,1,"Up",19.9519163565093
"GO_REGULATION_OF_CELL_PROJECTION_ORGANIZATION",191,3.7003116856603e-05,0.000928565126145017,1,1,"Up",19.8965541247503
"GO_CYTOPLASMIC_VESICLE_PART",192,3.72387404998301e-05,0.000929610850081697,1,1,"Up",19.8933466270263
"GO_MUSCLE_SYSTEM_PROCESS",193,3.90166353634519e-05,0.000968946804647799,1,1,"Up",19.7752427481848
"GO_ENZYME_LINKED_RECEPTOR_PROTEIN_SIGNALING_PATHWAY",194,3.94252978361515e-05,0.00097404872437461,1,1,"Up",19.7602769832051
"GO_ACTION_POTENTIAL",195,4.04408335479901e-05,0.000994014949720599,1,1,"Up",19.7024530237729
"GO_PRONUCLEUS",196,4.11227564177261e-05,0.00100561924239878,1,1,"Up",19.6693773196922
"GO_POSITIVE_REGULATION_OF_CATALYTIC_ACTIVITY",197,4.13968634157748e-05,0.00100718358554217,1,1,"Up",19.6649476945118
"GO_LIPID_LOCALIZATION",198,4.36231987606299e-05,0.00105598985686717,1,1,"Up",19.5300958086455
"GO_ORGANELLE_LOCALIZATION",199,4.40732681453388e-05,0.00106152348854577,1,1,"Up",19.5152014713634
"GO_NEGATIVE_REGULATION_OF_MULTICELLULAR_ORGANISMAL_PROCESS",200,4.54427903604063e-05,0.00108459602990212,1,1,"Up",19.453924913083
"GO_CYTOSKELETAL_PART",201,4.54837892781821e-05,0.00108459602990212,1,1,"Up",19.453924913083
"GO_SISTER_CHROMATID_COHESION",202,4.58705201290681e-05,0.00108840298504269,1,1,"Up",19.4439397588612
"GO_SINGLE_ORGANISM_BEHAVIOR",203,4.62858895623229e-05,0.00109284861414884,1,1,"Up",19.4323235565133
"GO_NEGATIVE_REGULATION_OF_CELL_COMMUNICATION",204,4.70577399062923e-05,0.00110562621260225,1,1,"Up",19.3991975767853
"GO_NEGATIVE_REGULATION_OF_MITOTIC_CELL_CYCLE",205,4.78812896783795e-05,0.00111948790940718,1,1,"Up",19.3636912434198
"GO_KINASE_BINDING",206,4.85842658430814e-05,0.00113040964167907,1,1,"Up",19.3360238466983
"GO_NEGATIVE_REGULATION_OF_CELL_DEATH",207,5.00786068059261e-05,0.0011595495769121,1,1,"Up",19.2634933953695
"GO_NEGATIVE_REGULATION_OF_CELL_CYCLE_PHASE_TRANSITION",208,5.25191422353082e-05,0.00121021273429727,1,1,"Up",19.1416253778767
"GO_VASCULATURE_DEVELOPMENT",209,5.32277762498934e-05,0.00122067335677387,1,1,"Up",19.1170990966615
"GO_POSITIVE_REGULATION_OF_MULTICELLULAR_ORGANISMAL_PROCESS",210,5.42406467061791e-05,0.00123797818887008,1,1,"Up",19.0769834606778
"GO_REGULATION_OF_CYCLIN_DEPENDENT_PROTEIN_KINASE_ACTIVITY",211,5.48129637458985e-05,0.00123923837374572,1,1,"Up",19.0740840720693
"GO_HYDROLASE_ACTIVITY_HYDROLYZING_O_GLYCOSYL_COMPOUNDS",212,5.48129637458985e-05,0.00123923837374572,1,1,"Up",19.0740840720693
"GO_SINGLE_ORGANISM_CELLULAR_LOCALIZATION",213,5.55595657104894e-05,0.00125022065000176,1,1,"Up",19.048940539057
"GO_ORGAN_MORPHOGENESIS",214,5.64731518423113e-05,0.00126484026532803,1,1,"Up",19.0158100053843
"GO_EPITHELIUM_DEVELOPMENT",215,5.70447528534763e-05,0.00127170000198471,1,1,"Up",19.0003964494048
"GO_REGULATION_OF_HYDROLASE_ACTIVITY",216,5.73452543276546e-05,0.00127248057403911,1,1,"Up",18.9986478062881
"GO_REGULATION_OF_NEURON_PROJECTION_DEVELOPMENT",217,5.82683648026151e-05,0.00128700586405039,1,1,"Up",18.9663023900103
"GO_REGULATION_OF_NEURON_APOPTOTIC_PROCESS",218,5.94482686569751e-05,0.00129551765496917,1,1,"Up",18.9475172542845
"GO_TELOMERE_MAINTENANCE_VIA_RECOMBINATION",219,5.98316815786876e-05,0.00129551765496917,1,1,"Up",18.9475172542845
"GO_CELL_MORPHOGENESIS_INVOLVED_IN_DIFFERENTIATION",220,5.89520009796049e-05,0.00129551765496917,1,1,"Up",18.9475172542845
"GO_DNA_METABOLIC_PROCESS",221,6.02231420312525e-05,0.00129551765496917,1,1,"Up",18.9475172542845
"GO_EARLY_ENDOSOME_MEMBRANE",222,6.02754928141298e-05,0.00129551765496917,1,1,"Up",18.9475172542845
"GO_MACROMOLECULAR_COMPLEX_BINDING",223,6.00281318833354e-05,0.00129551765496917,1,1,"Up",18.9475172542845
"GO_CHROMOSOME_CENTROMERIC_REGION",224,6.08985175987357e-05,0.00130306515558366,1,1,"Up",18.9309632173521
"GO_RESPONSE_TO_TRANSITION_METAL_NANOPARTICLE",225,6.61314311826309e-05,0.00140251305158562,1,1,"Up",18.7213747851999
"GO_BEHAVIOR",226,6.60223651644462e-05,0.00140251305158562,1,1,"Up",18.7213747851999
"GO_RESPONSE_TO_TOXIC_SUBSTANCE",227,7.14663535804012e-05,0.00150897899872627,1,1,"Up",18.5128657372861
"GO_DIVALENT_INORGANIC_CATION_TRANSMEMBRANE_TRANSPORTER_ACTIVITY",228,7.53045674655201e-05,0.00158304733272911,1,1,"Up",18.3763104294455
"GO_INORGANIC_ION_TRANSMEMBRANE_TRANSPORT",229,7.57809825867706e-05,0.00158610589318075,1,1,"Up",18.370809829391
"GO_CELLULAR_RESPONSE_TO_ENDOGENOUS_STIMULUS",230,7.81920693207982e-05,0.00162945473154168,1,1,"Up",18.2939705690145
"GO_REGULATION_OF_INTRACELLULAR_SIGNAL_TRANSDUCTION",231,7.97249086596494e-05,0.00163522545208066,1,1,"Up",18.283896012091
"GO_POSITIVE_REGULATION_OF_ORGANELLE_ORGANIZATION",232,7.91248599860908e-05,0.00163522545208066,1,1,"Up",18.283896012091
"GO_REGULATION_OF_NEURON_DEATH",233,8.01748343916033e-05,0.00163522545208066,1,1,"Up",18.283896012091
"GO_EARLY_ENDOSOME",234,7.97890737552939e-05,0.00163522545208066,1,1,"Up",18.283896012091
"GO_ORGANELLE_SUBCOMPARTMENT",235,8.00016379891236e-05,0.00163522545208066,1,1,"Up",18.283896012091
"GO_POSITIVE_REGULATION_OF_CELL_DEATH",236,8.09606942661862e-05,0.00164425681193996,1,1,"Up",18.2682001540733
"GO_RESPONSE_TO_OXIDATIVE_STRESS",237,8.38787568085205e-05,0.00169633283284067,1,1,"Up",18.1793443199117
"GO_MOLECULAR_FUNCTION_REGULATOR",238,8.99299305027429e-05,0.00181106788613297,1,1,"Up",17.9928344489944
"GO_OLIGOSACCHARIDE_CATABOLIC_PROCESS",239,9.34122370921e-05,0.00186552021826015,1,1,"Up",17.9084156114739
"GO_CONDENSED_CHROMOSOME_OUTER_KINETOCHORE",240,9.34122370921e-05,0.00186552021826015,1,1,"Up",17.9084156114739
"GO_REGULATION_OF_CELL_CYCLE_ARREST",241,9.41631325454111e-05,0.001872713254316,1,1,"Up",17.8974487475668
"GO_NUCLEAR_TRANSPORT",242,9.60853563111063e-05,0.00190304592065757,1,1,"Up",17.8516607398498
"GO_CHROMOSOME_LOCALIZATION",243,9.77910966829298e-05,0.00191311316898483,1,1,"Up",17.8366251171112
"GO_MITOTIC_DNA_INTEGRITY_CHECKPOINT",244,9.77390628259388e-05,0.00191311316898483,1,1,"Up",17.8366251171112
"GO_POSITIVE_REGULATION_OF_DEVELOPMENTAL_PROCESS",245,9.70592542453415e-05,0.00191311316898483,1,1,"Up",17.8366251171112
"GO_REGULATION_OF_PROTEIN_SERINE_THREONINE_KINASE_ACTIVITY",246,9.90853268914013e-05,0.00193055273085564,1,1,"Up",17.810765087234
"GO_CELLULAR_COMPONENT_MORPHOGENESIS",247,0.000100944540483536,0.00195881450420077,1,1,"Up",17.7693494636794
"GO_SPINDLE_POLE",248,0.000107378435216798,0.00207526145158916,1,1,"Up",17.6047832008679
"GO_MICROTUBULE_BUNDLE_FORMATION",249,0.000107966997246018,0.00207825629638621,1,1,"Up",17.6006736493593
"GO_ORGANIC_ANION_TRANSPORT",250,0.000110671931854793,0.00212180227752009,1,1,"Up",17.5415795119213
"GO_ORGANIC_HYDROXY_COMPOUND_METABOLIC_PROCESS",251,0.000113477675587001,0.00215323672685608,1,1,"Up",17.4996702796306
"GO_TISSUE_HOMEOSTASIS",252,0.000113659272250071,0.00215323672685608,1,1,"Up",17.4996702796306
"GO_ACTIVE_ION_TRANSMEMBRANE_TRANSPORTER_ACTIVITY",253,0.000113659272250071,0.00215323672685608,1,1,"Up",17.4996702796306
"GO_FATTY_ACID_METABOLIC_PROCESS",254,0.000115322257152178,0.00217614007295429,1,1,"Up",17.4695184476316
"GO_REGULATION_OF_CHROMOSOME_SEGREGATION",255,0.000116108018417211,0.00218237542068114,1,1,"Up",17.4613646771447
"GO_REPLICATION_FORK",256,0.000117935142563158,0.00220805913400474,1,1,"Up",17.4280226989672
"GO_HOMEOSTATIC_PROCESS",257,0.000123841556171387,0.00230652953703165,1,1,"Up",17.3036879515936
"GO_CELLULAR_RESPONSE_TO_NITROGEN_COMPOUND",258,0.000124157024943494,0.00230652953703165,1,1,"Up",17.3036879515936
"GO_CRANIAL_SKELETAL_SYSTEM_DEVELOPMENT",259,0.000125039387578579,0.00231395283654104,1,1,"Up",17.2945311007054
"GO_MICROTUBULE_ASSOCIATED_COMPLEX",260,0.000127195806637574,0.00234075511514918,1,1,"Up",17.2617124907374
"GO_INORGANIC_CATION_TRANSMEMBRANE_TRANSPORTER_ACTIVITY",261,0.000127464445035246,0.00234075511514918,1,1,"Up",17.2617124907374
"GO_SPINDLE_ASSEMBLY",262,0.000128266099362214,0.00234648631390494,1,1,"Up",17.2547435870013
"GO_ENDOSOME",263,0.00013181869963202,0.00240230808873106,1,1,"Up",17.187743343578
"GO_ORGANONITROGEN_COMPOUND_METABOLIC_PROCESS",264,0.000132356246572714,0.00240296776448113,1,1,"Up",17.1869609085204
"GO_CONTRACTILE_FIBER",265,0.000133339273324495,0.0024091641149302,1,1,"Up",17.1796219438977
"GO_SECRETORY_GRANULE_MEMBRANE",266,0.000133702827993206,0.0024091641149302,1,1,"Up",17.1796219438977
"GO_RESPONSE_TO_MONOAMINE",267,0.000139207784265218,0.00249896220967486,1,1,"Up",17.0753335550349
"GO_RESPONSE_TO_ALKALOID",268,0.000140025621146198,0.00250426418714078,1,1,"Up",17.0692937351482
"GO_REGULATION_OF_NERVOUS_SYSTEM_DEVELOPMENT",269,0.000143948131420364,0.00256484533047511,1,1,"Up",17.001175627955
"GO_ENDOMEMBRANE_SYSTEM_ORGANIZATION",270,0.000144633025139336,0.00256750403515866,1,1,"Up",16.9982231271102
"GO_DNA_REPLICATION_INITIATION",271,0.000148799939502343,0.00263172734330159,1,1,"Up",16.9278167949433
"GO_ENZYME_REGULATOR_ACTIVITY",272,0.000151149478024133,0.00266345385356497,1,1,"Up",16.8936674184477
"GO_HEART_DEVELOPMENT",273,0.000153021823618273,0.00267676496570212,1,1,"Up",16.8794607484853
"GO_REPRODUCTION",274,0.000152580142029683,0.00267676496570212,1,1,"Up",16.8794607484853
"GO_MAINTENANCE_OF_LOCATION",275,0.000156644551857285,0.00271992513795808,1,1,"Up",16.83387794297
"GO_CELLULAR_RESPONSE_TO_INORGANIC_SUBSTANCE",276,0.000157759062873429,0.00271992513795808,1,1,"Up",16.83387794297
"GO_PROTEIN_LOCALIZATION_TO_NUCLEUS",277,0.000157759062873429,0.00271992513795808,1,1,"Up",16.83387794297
"GO_CALCIUM_ION_BINDING",278,0.000157201361273727,0.00271992513795808,1,1,"Up",16.83387794297
"GO_I_BAND",279,0.000166497117207784,0.00286028918558031,1,1,"Up",16.6904833660444
"GO_CELLULAR_RESPONSE_TO_OXYGEN_CONTAINING_COMPOUND",280,0.000169948926293477,0.00290916144187371,1,1,"Up",16.6422025703116
"GO_CELL_CYCLE_CHECKPOINT",281,0.000173414046119076,0.00295791289341185,1,1,"Up",16.5948425305129
"GO_MITOTIC_CELL_CYCLE_CHECKPOINT",282,0.000174986934153332,0.00297415735956354,1,1,"Up",16.5792349226063
"GO_EXTRACELLULAR_MATRIX",283,0.000176095162321623,0.00298241736045066,1,1,"Up",16.5713314148992
"GO_LONG_CHAIN_FATTY_ACID_METABOLIC_PROCESS",284,0.000181086115670797,0.00305614701552862,1,1,"Up",16.5017383141318
"GO_EAR_DEVELOPMENT",285,0.000189809805891826,0.00319213473557727,1,1,"Up",16.3776748864909
"GO_METAL_ION_TRANSMEMBRANE_TRANSPORTER_ACTIVITY",286,0.000192947573998909,0.00322229171490164,1,1,"Up",16.3508789270904
"GO_TUBULIN_BINDING",287,0.000192465172073331,0.00322229171490164,1,1,"Up",16.3508789270904
"GO_SULFUR_COMPOUND_BINDING",288,0.000199169624810167,0.00331465281845532,1,1,"Up",16.2703449182075
"GO_NEGATIVE_REGULATION_OF_AXONOGENESIS",289,0.000201374121620254,0.00333974451531446,1,1,"Up",16.248853777672
"GO_ENDOPLASMIC_RETICULUM_PART",290,0.000203043300839592,0.00335581565835919,1,1,"Up",16.2351734409824
"GO_ORGANOPHOSPHATE_BIOSYNTHETIC_PROCESS",291,0.000206343863120954,0.00339864651525337,1,1,"Up",16.1990317961979
"GO_POSITIVE_REGULATION_OF_MITOTIC_CELL_CYCLE",292,0.000210884248174165,0.00344972082422789,1,1,"Up",16.1565248792159
"GO_MULTICELLULAR_ORGANISMAL_SIGNALING",293,0.000210884248174165,0.00344972082422789,1,1,"Up",16.1565248792159
"GO_VESICLE_MEDIATED_TRANSPORT",294,0.000211870983737465,0.00345407355460432,1,1,"Up",16.1529314418569
"GO_POSITIVE_REGULATION_OF_CHROMOSOME_ORGANIZATION",295,0.000216847232543239,0.00352321622230421,1,1,"Up",16.0964494906853
"GO_PHAGOCYTIC_VESICLE_MEMBRANE",296,0.000221554235245985,0.00358753192410137,1,1,"Up",16.0448969988068
"GO_REGULATION_OF_OSSIFICATION",297,0.000224226394687184,0.00361857612705614,1,1,"Up",16.0203432089998
"GO_ORGANELLE_ASSEMBLY",298,0.000230734356950556,0.00369869489252179,1,1,"Up",15.957935453004
"GO_NEGATIVE_REGULATION_OF_CELL_CYCLE_G1_S_PHASE_TRANSITION",299,0.000230243919628646,0.00369869489252179,1,1,"Up",15.957935453004
"GO_POSITIVE_REGULATION_OF_MITOTIC_NUCLEAR_DIVISION",300,0.00023640962499729,0.00377703777537337,1,1,"Up",15.898204727752
"GO_NEGATIVE_REGULATION_OF_PROTEIN_COMPLEX_ASSEMBLY",301,0.000246591399581755,0.00392661986111413,1,1,"Up",15.7875236697484
"GO_FIBRIL_ORGANIZATION",302,0.000248382948126435,0.00394205122639074,1,1,"Up",15.7763462999638
"GO_NUCLEAR_OUTER_MEMBRANE_ENDOPLASMIC_RETICULUM_MEMBRANE_NETWORK",303,0.000257379021184175,0.00407134537470544,1,1,"Up",15.6843784516274
"GO_SKELETAL_SYSTEM_DEVELOPMENT",304,0.000272135038917873,0.00429060276820185,1,1,"Up",15.5348986750333
"GO_POSITIVE_REGULATION_OF_CHROMOSOME_SEGREGATION",305,0.000274747162371817,0.00431758409589547,1,1,"Up",15.5170342453672
"GO_REGULATION_OF_PROTEIN_LOCALIZATION",306,0.000277464399222552,0.00433887000403825,1,1,"Up",15.5030193735098
"GO_DIVALENT_INORGANIC_CATION_TRANSPORT",307,0.000277912182607916,0.00433887000403825,1,1,"Up",15.5030193735098
"GO_TRANSITION_METAL_ION_TRANSPORT",308,0.000279132265578279,0.00434376931466458,1,1,"Up",15.4998033488972
"GO_PERINUCLEAR_REGION_OF_CYTOPLASM",309,0.000282458556781055,0.00438130699887248,1,1,"Up",15.4752824139835
"GO_REGULATION_OF_BIOMINERAL_TISSUE_DEVELOPMENT",310,0.000287370151282355,0.00442909633551639,1,1,"Up",15.4443669638899
"GO_SYNAPSE_PART",311,0.000287387640380888,0.00442909633551639,1,1,"Up",15.4443669638899
"GO_REGULATION_OF_NEURON_DIFFERENTIATION",312,0.000290220099259067,0.00444724862718586,1,1,"Up",15.4327113809956
"GO_NEGATIVE_REGULATION_OF_CELL_MORPHOGENESIS_INVOLVED_IN_DIFFERENTIATION",313,0.000290421201817061,0.00444724862718586,1,1,"Up",15.4327113809956
"GO_PHAGOSOME_MATURATION",314,0.000293224566676697,0.00447587690471786,1,1,"Up",15.4144255033741
"GO_NEGATIVE_REGULATION_OF_NEURON_APOPTOTIC_PROCESS",315,0.000299343495661038,0.00455477261810589,1,1,"Up",15.3646309808714
"GO_PLASMA_MEMBRANE_REGION",316,0.000300607503707027,0.00455953090274615,1,1,"Up",15.361655459506
"GO_NEGATIVE_REGULATION_OF_NEURON_DIFFERENTIATION",317,0.000309195218553337,0.00467499268935692,1,1,"Up",15.2903894381187
"GO_CELL_CELL_JUNCTION",318,0.000312595166705367,0.00471153658496486,1,1,"Up",15.2681999083109
"GO_SECRETORY_GRANULE",319,0.00032103142152337,0.00480844876050473,1,1,"Up",15.2101778450118
"GO_MICROTUBULE_BINDING",320,0.000320518911686595,0.00480844876050473,1,1,"Up",15.2101778450118
"GO_NEGATIVE_REGULATION_OF_INTRACELLULAR_SIGNAL_TRANSDUCTION",321,0.000328641329923523,0.00489707433201976,1,1,"Up",15.1581317349504
"GO_RESPONSE_TO_OXYGEN_LEVELS",322,0.000328991849553591,0.00489707433201976,1,1,"Up",15.1581317349504
"GO_POSITIVE_REGULATION_OF_ENDOTHELIAL_CELL_PROLIFERATION",323,0.00033131993616912,0.00491645961008852,1,1,"Up",15.1468731638764
"GO_TRANSCRIPTION_FACTOR_BINDING",324,0.000334717050938769,0.00495153958379481,1,1,"Up",15.1266118275289
"GO_REGULATION_OF_CELLULAR_COMPONENT_MOVEMENT",325,0.000348722541318287,0.00514285274011861,1,1,"Up",15.018579740382
"GO_SUPRAMOLECULAR_FIBER",326,0.000362132950057483,0.00532424303566109,1,1,"Up",14.9198001015956
"GO_RESPONSE_TO_ESTRADIOL",327,0.00036572030940692,0.00535132943299523,1,1,"Up",14.9053391422017
"GO_MACROMOLECULE_CATABOLIC_PROCESS",328,0.000369557697125271,0.00535132943299523,1,1,"Up",14.9053391422017
"GO_CELLULAR_CHEMICAL_HOMEOSTASIS",329,0.000368695192696545,0.00535132943299523,1,1,"Up",14.9053391422017
"GO_EMBRYONIC_CRANIAL_SKELETON_MORPHOGENESIS",330,0.000367099503150971,0.00535132943299523,1,1,"Up",14.9053391422017
"GO_TRANS_GOLGI_NETWORK",331,0.000367720702271278,0.00535132943299523,1,1,"Up",14.9053391422017
"GO_SECRETORY_VESICLE",332,0.000375707198188617,0.00540770150425838,1,1,"Up",14.8754763155721
"GO_AXON",333,0.000375249820761432,0.00540770150425838,1,1,"Up",14.8754763155721
"GO_CELLULAR_RESPONSE_TO_DNA_DAMAGE_STIMULUS",334,0.000391648018575081,0.00560782773473544,1,1,"Up",14.771918581582
"GO_GATED_CHANNEL_ACTIVITY",335,0.000391951239544413,0.00560782773473544,1,1,"Up",14.771918581582
"GO_REGULATION_OF_BINDING",336,0.000393428880882642,0.00561221614901935,1,1,"Up",14.7696893807864
"GO_MUSCLE_STRUCTURE_DEVELOPMENT",337,0.000403022837022562,0.005732013228039,1,1,"Up",14.7094995008496
"GO_CARTILAGE_DEVELOPMENT",338,0.000404237147353888,0.00573227410434078,1,1,"Up",14.7093698057193
"GO_ENZYME_INHIBITOR_ACTIVITY",339,0.000408760267520557,0.00577931552279065,1,1,"Up",14.6860790473562
"GO_SPHINGOLIPID_METABOLIC_PROCESS",340,0.000410352038878108,0.00578475683041991,1,1,"Up",14.6833972335983
"GO_NUCLEAR_IMPORT",341,0.00041234014718243,0.00579573702476653,1,1,"Up",14.6779931858262
"GO_NEGATIVE_REGULATION_OF_GLYCOPROTEIN_METABOLIC_PROCESS",342,0.000418079587647745,0.00584214420873365,1,1,"Up",14.6552657887503
"GO_PASSIVE_TRANSMEMBRANE_TRANSPORTER_ACTIVITY",343,0.000417396567712974,0.00584214420873365,1,1,"Up",14.6552657887503
"GO_PHAGOCYTIC_VESICLE",344,0.000432759049091455,0.00602969221597484,1,1,"Up",14.5652192994654
"GO_REGULATION_OF_CELLULAR_COMPONENT_BIOGENESIS",345,0.000451156988471106,0.00626781288620873,1,1,"Up",14.4548443610162
"GO_RECEPTOR_BINDING",346,0.00045290868534047,0.00627396337814126,1,1,"Up",14.4520493280037
"GO_PHOSPHATASE_ACTIVITY",347,0.000456788128731677,0.00630946830262515,1,1,"Up",14.4359678206733
"GO_TRANSMEMBRANE_RECEPTOR_PROTEIN_TYROSINE_KINASE_SIGNALING_PATHWAY",348,0.000470339795498428,0.0064779845971953,1,1,"Up",14.3608541303301
"GO_DEPHOSPHORYLATION",349,0.000482531634314165,0.00662685995205671,1,1,"Up",14.2961032432217
"GO_RESPONSE_TO_EXTERNAL_STIMULUS",350,0.000488293860735749,0.00668683564144698,1,1,"Up",14.2704279349727
"GO_TRANSPORT_VESICLE",351,0.000490746833848373,0.00670128083941668,1,1,"Up",14.2642784281555
"GO_SPINDLE_MIDZONE",352,0.000494665175924667,0.00673559712558786,1,1,"Up",14.249722531786
"GO_NEGATIVE_REGULATION_OF_PROTEIN_POLYMERIZATION",353,0.000498240710805979,0.00674595403077135,1,1,"Up",14.2453440220014
"GO_KINESIN_COMPLEX",354,0.000498240710805979,0.00674595403077135,1,1,"Up",14.2453440220014
"GO_LIPID_TRANSLOCATION",355,0.000503659428847604,0.00679184535408085,1,1,"Up",14.2260234369461
"GO_TRANSCRIPTIONAL_REPRESSOR_ACTIVITY_RNA_POLYMERASE_II_TRANSCRIPTION_REGULATORY_REGION_SEQUENCE_SPECIFIC_BINDING",356,0.000504464207396783,0.00679184535408085,1,1,"Up",14.2260234369461
"GO_CHEMICAL_HOMEOSTASIS",357,0.000513904316639875,0.00689956131556,1,1,"Up",14.1811822545829
"GO_ORGANOPHOSPHATE_METABOLIC_PROCESS",358,0.00052156012969364,0.00698278687603804,1,1,"Up",14.1470130317212
"GO_ATPASE_COUPLED_ION_TRANSMEMBRANE_TRANSPORTER_ACTIVITY",359,0.000527165363666557,0.00703817155446743,1,1,"Up",14.1244991542364
"GO_REACTIVE_OXYGEN_SPECIES_METABOLIC_PROCESS",360,0.00052933817457301,0.00704754964091233,1,1,"Up",14.1207045078558
"GO_NEURON_DIFFERENTIATION",361,0.000533151362390819,0.00707865506908364,1,1,"Up",14.1081543989928
"GO_NEGATIVE_REGULATION_OF_TRANSFERASE_ACTIVITY",362,0.000537601641014489,0.00711802393752056,1,1,"Up",14.0923490756342
"GO_PROTEIN_COMPLEX_BINDING",363,0.000549554019706578,0.00725623255221385,1,1,"Up",14.0375467220374
"GO_APICAL_PART_OF_CELL",364,0.00055217081580575,0.00727075472570594,1,1,"Up",14.0318491173699
"GO_REGULATION_OF_HOMEOSTATIC_PROCESS",365,0.000561285240104221,0.00737052097484803,1,1,"Up",13.9930119496584
"GO_MITOTIC_SPINDLE_ASSEMBLY",366,0.000569078326673492,0.00737187140471905,1,1,"Up",13.992489865911
"GO_MICROTUBULE_CYTOSKELETON_ORGANIZATION_INVOLVED_IN_MITOSIS",367,0.000569078326673492,0.00737187140471905,1,1,"Up",13.992489865911
"GO_MITOTIC_RECOMBINATION",368,0.000569078326673492,0.00737187140471905,1,1,"Up",13.992489865911
"GO_GLUTAMATE_RECEPTOR_SIGNALING_PATHWAY",369,0.000569078326673492,0.00737187140471905,1,1,"Up",13.992489865911
"GO_GROWTH_FACTOR_BINDING",370,0.000568416227312234,0.00737187140471905,1,1,"Up",13.992489865911
"GO_NEGATIVE_REGULATION_OF_TRANSCRIPTION_FROM_RNA_POLYMERASE_II_PROMOTER",371,0.000579497776585063,0.00748661143712185,1,1,"Up",13.9484764336831
"GO_IRE1_MEDIATED_UNFOLDED_PROTEIN_RESPONSE",372,0.000592644581980378,0.00763587495008589,1,1,"Up",13.8922189033247
"GO_NUCLEAR_ENVELOPE",373,0.000605184071844953,0.00777653419933743,1,1,"Up",13.8402018284732
"GO_REGULATION_OF_ION_TRANSPORT",374,0.000607194841881082,0.00778151036667387,1,1,"Up",13.8383788729088
"GO_CELL_PROJECTION_ORGANIZATION",375,0.000633030369872496,0.0080480492381933,1,1,"Up",13.742401496588
"GO_RESPONSE_TO_CALCIUM_ION",376,0.00063100617965878,0.0080480492381933,1,1,"Up",13.742401496588
"GO_REGULATION_OF_TRANSCRIPTION_FROM_RNA_POLYMERASE_II_PROMOTER",377,0.000632410330403078,0.0080480492381933,1,1,"Up",13.742401496588
"GO_PHOSPHOLIPID_METABOLIC_PROCESS",378,0.000657053231038731,0.00828751614833852,1,1,"Up",13.6588453208131
"GO_NEGATIVE_REGULATION_OF_SECRETION",379,0.000656828618390439,0.00828751614833852,1,1,"Up",13.6588453208131
"GO_DENDRITE",380,0.000655310200296596,0.00828751614833852,1,1,"Up",13.6588453208131
"GO_REGULATION_OF_MEMBRANE_POTENTIAL",381,0.000663301311821712,0.00834436532168363,1,1,"Up",13.6393639027251
"GO_AMINOGLYCAN_BIOSYNTHETIC_PROCESS",382,0.000696157659003518,0.00873477397802058,1,1,"Up",13.5090576604527
"GO_METAPHASE_PLATE_CONGRESSION",383,0.000698712214893578,0.00874393641249327,1,1,"Up",13.5060699559763
"GO_SARCOLEMMA",384,0.000702072845143733,0.0087631123613904,1,1,"Up",13.4998271448107
"GO_TUBE_MORPHOGENESIS",385,0.000705300670602418,0.00878053536155166,1,1,"Up",13.4941668469171
"GO_NEGATIVE_REGULATION_OF_GENE_EXPRESSION",386,0.000708620674005739,0.00879901266971374,1,1,"Up",13.488176289163
"GO_COGNITION",387,0.000715177761401799,0.00885127482738345,1,1,"Up",13.471300156759
"GO_ENDOSOMAL_PART",388,0.000716522977889584,0.00885127482738345,1,1,"Up",13.471300156759
"GO_RESPONSE_TO_EXTRACELLULAR_STIMULUS",389,0.000721643612018061,0.00889161396504516,1,1,"Up",13.4583421222995
"GO_REGULATION_OF_CELL_DEVELOPMENT",390,0.00072506479362569,0.00891086039961008,1,1,"Up",13.4521803422683
"GO_REGULATION_OF_CELLULAR_LOCALIZATION",391,0.000761155005898542,0.00933047555823967,1,1,"Up",13.3210487751986
"GO_CARBOXYLIC_ESTER_HYDROLASE_ACTIVITY",392,0.000764500406659019,0.00934757767631806,1,1,"Up",13.3158301691185
"GO_MACROMOLECULAR_COMPLEX_ASSEMBLY",393,0.000770102272737128,0.00939211245096452,1,1,"Up",13.3022853323958
"GO_LIPASE_ACTIVITY",394,0.000784230214438922,0.00954014065432933,1,1,"Up",13.257721029306
"GO_ANTIPORTER_ACTIVITY",395,0.000813684580225969,0.00987339289372929,1,1,"Up",13.1598740884602
"GO_NEGATIVE_REGULATION_OF_MAPK_CASCADE",396,0.000818021707408566,0.00990095465557893,1,1,"Up",13.1519300525822
"GO_POSITIVE_REGULATION_OF_PROTEIN_MODIFICATION_PROCESS",397,0.000823891332339808,0.00993243824880533,1,1,"Up",13.1428826535585
"GO_PHOSPHOLIPID_TRANSPORT",398,0.000826839737382292,0.00993243824880533,1,1,"Up",13.1428826535585
"GO_MAIN_AXON",399,0.000826839737382292,0.00993243824880533,1,1,"Up",13.1428826535585
"GO_CALCIUM_ION_TRANSPORT",400,0.000839164770116199,0.0100552918579174,1,1,"Up",13.1078505662303
"GO_CHONDROITIN_SULFATE_PROTEOGLYCAN_METABOLIC_PROCESS",401,0.000851732136446187,0.0101804292518368,1,1,"Up",13.0726045481345
"GO_PROTEIN_IMPORT",402,0.000862731402494398,0.0102607236033639,1,1,"Up",13.0502164116572
"GO_SIGNAL_TRANSDUCTION_BY_P53_CLASS_MEDIATOR",403,0.000862008574824352,0.0102607236033639,1,1,"Up",13.0502164116572
"GO_REGULATION_OF_HORMONE_LEVELS",404,0.000887358155392357,0.0104303972305173,1,1,"Up",13.0034777615774
"GO_PROTEIN_OLIGOMERIZATION",405,0.000880324268272833,0.0104303972305173,1,1,"Up",13.0034777615774
"GO_REGULATION_OF_EPITHELIAL_CELL_PROLIFERATION",406,0.000887878587534126,0.0104303972305173,1,1,"Up",13.0034777615774
"GO_PROTEOGLYCAN_METABOLIC_PROCESS",407,0.000885781252067158,0.0104303972305173,1,1,"Up",13.0034777615774
"GO_ALCOHOL_METABOLIC_PROCESS",408,0.000887648884189414,0.0104303972305173,1,1,"Up",13.0034777615774
"GO_DNA_INTEGRITY_CHECKPOINT",409,0.000898268729634663,0.0105051323286672,1,1,"Up",12.9831317819144
"GO_COATED_VESICLE",410,0.000898623879564684,0.0105051323286672,1,1,"Up",12.9831317819144
"GO_REGULATION_OF_PRI_MIRNA_TRANSCRIPTION_FROM_RNA_POLYMERASE_II_PROMOTER",411,0.000910744516733095,0.0106209208484227,1,1,"Up",12.9518934680001
"GO_FATTY_ACID_BETA_OXIDATION",412,0.000936469602798413,0.0108347002716185,1,1,"Up",12.8951030213007
"GO_DEVELOPMENTAL_PROCESS_INVOLVED_IN_REPRODUCTION",413,0.000938118216716398,0.0108347002716185,1,1,"Up",12.8951030213007
"GO_COMPLEX_OF_COLLAGEN_TRIMERS",414,0.000933374348911535,0.0108347002716185,1,1,"Up",12.8951030213007
"GO_CYTOKINE_BINDING",415,0.000934216808594049,0.0108347002716185,1,1,"Up",12.8951030213007
"GO_REGULATION_OF_CELL_CYCLE_G2_M_PHASE_TRANSITION",416,0.000970176233517173,0.0111271675774353,1,1,"Up",12.8191981185089
"GO_RESPONSE_TO_INSULIN",417,0.000970406018645519,0.0111271675774353,1,1,"Up",12.8191981185089
"GO_CATION_TRANSPORTING_ATPASE_ACTIVITY",418,0.000970176233517173,0.0111271675774353,1,1,"Up",12.8191981185089
"GO_REGULATION_OF_EPITHELIAL_CELL_MIGRATION",419,0.000979898716169634,0.0111825108252406,1,1,"Up",12.8050594560716
"GO_NEGATIVE_REGULATION_OF_TRANSPORT",420,0.000978187910958591,0.0111825108252406,1,1,"Up",12.8050594560716
"GO_POSITIVE_REGULATION_OF_HYDROLASE_ACTIVITY",421,0.00102057529690439,0.0116190437008616,1,1,"Up",12.6959300802956
"GO_AXONEME_ASSEMBLY",422,0.00103121787462339,0.0117123869030093,1,1,"Up",12.6731277230153
"GO_NEGATIVE_REGULATION_OF_GLYCOPROTEIN_BIOSYNTHETIC_PROCESS",423,0.00104775337851465,0.0117884552657764,1,1,"Up",12.6546793418668
"GO_DEOXYRIBONUCLEOTIDE_BIOSYNTHETIC_PROCESS",424,0.00104775337851465,0.0117884552657764,1,1,"Up",12.6546793418668
"GO_PARANODE_REGION_OF_AXON",425,0.00104775337851465,0.0117884552657764,1,1,"Up",12.6546793418668
"GO_BANDED_COLLAGEN_FIBRIL",426,0.00104775337851465,0.0117884552657764,1,1,"Up",12.6546793418668
"GO_REGULATION_OF_DNA_BINDING",427,0.00105344351159388,0.0118247183865796,1,1,"Up",12.645926536728
"GO_GLIAL_CELL_DEVELOPMENT",428,0.00107001060433221,0.0119476713902312,1,1,"Up",12.6164479759933
"GO_PHOSPHOLIPID_CATABOLIC_PROCESS",429,0.00107187538030449,0.0119476713902312,1,1,"Up",12.6164479759933
"GO_PROTEIN_SERINE_THREONINE_KINASE_INHIBITOR_ACTIVITY",430,0.00107187538030449,0.0119476713902312,1,1,"Up",12.6164479759933
"GO_REGULATION_OF_MUSCLE_HYPERTROPHY",431,0.00108822590608248,0.0121017790437432,1,1,"Up",12.5799254254759
"GO_NEGATIVE_REGULATION_OF_ERK1_AND_ERK2_CASCADE",432,0.00111066875221246,0.0122943079199869,1,1,"Up",12.5349452834721
"GO_GLAND_DEVELOPMENT",433,0.00110905875483708,0.0122943079199869,1,1,"Up",12.5349452834721
"GO_POSITIVE_REGULATION_OF_CELL_CYCLE_PHASE_TRANSITION",434,0.00111563169260452,0.0123207896374503,1,1,"Up",12.5288135840606
"GO_NEGATIVE_REGULATION_OF_CELL_DIVISION",435,0.00113358638661482,0.0124902978184939,1,1,"Up",12.4898743213734
"GO_CELL_CELL_ADHESION",436,0.00115741514502255,0.0127236027295713,1,1,"Up",12.4371352664406
"GO_CELLULAR_HOMEOSTASIS",437,0.00118495390310133,0.0129706682864695,1,1,"Up",12.382329608885
"GO_PHOSPHOLIPASE_ACTIVITY",438,0.001185302046625,0.0129706682864695,1,1,"Up",12.382329608885
"GO_BLOOD_VESSEL_MORPHOGENESIS",439,0.0011940125661817,0.013036223757879,1,1,"Up",12.367962892696
"GO_TELENCEPHALON_DEVELOPMENT",440,0.0012024678143146,0.0130924618175477,1,1,"Up",12.3556955770842
"GO_PROTEIN_TYROSINE_PHOSPHATASE_ACTIVITY",441,0.00120462667672409,0.0130924618175477,1,1,"Up",12.3556955770842
"GO_NUCLEOBASE_CONTAINING_COMPOUND_TRANSPORT",442,0.00121302571817245,0.0131539191565624,1,1,"Up",12.342349881318
"GO_DETOXIFICATION",443,0.00122166170132652,0.0131901798059476,1,1,"Up",12.3345049597594
"GO_REGULATION_OF_SYSTEM_PROCESS",444,0.00122187353094946,0.0131901798059476,1,1,"Up",12.3345049597594
"GO_CALCIUM_ION_TRANSMEMBRANE_TRANSPORT",445,0.00122693121238505,0.0132150141594641,1,1,"Up",12.329144528541
"GO_INTRACELLULAR_PROTEIN_TRANSPORT",446,0.00123590464832172,0.0132419925722661,1,1,"Up",12.3233327114052
"GO_REPRODUCTIVE_SYSTEM_DEVELOPMENT",447,0.00123829229081635,0.0132419925722661,1,1,"Up",12.3233327114052
"GO_NUCLEOTIDE_EXCISION_REPAIR_DNA_GAP_FILLING",448,0.00123555600773405,0.0132419925722661,1,1,"Up",12.3233327114052
"GO_T_TUBULE",449,0.00124048709888326,0.0132419925722661,1,1,"Up",12.3233327114052
"GO_NEGATIVE_REGULATION_OF_CELL_PROLIFERATION",450,0.00124852530931874,0.0132981817945883,1,1,"Up",12.3112660812643
"GO_CIRCULATORY_SYSTEM_PROCESS",451,0.00126055061995211,0.0133964947260099,1,1,"Up",12.2902755200849
"GO_RETINAL_GANGLION_CELL_AXON_GUIDANCE",452,0.00128243071914811,0.0135389657199932,1,1,"Up",12.2601286518137
"GO_EPITHELIAL_CILIUM_MOVEMENT",453,0.00128243071914811,0.0135389657199932,1,1,"Up",12.2601286518137
"GO_RESPONSE_TO_CAFFEINE",454,0.00128243071914811,0.0135389657199932,1,1,"Up",12.2601286518137
"GO_REGULATION_OF_CELLULAR_RESPONSE_TO_GROWTH_FACTOR_STIMULUS",455,0.00128962394369687,0.013584983653053,1,1,"Up",12.2504590029796
"GO_CELLULAR_MODIFIED_AMINO_ACID_METABOLIC_PROCESS",456,0.00130159580841134,0.0136810278721832,1,1,"Up",12.2303825255438
"GO_NEGATIVE_REGULATION_OF_ESTABLISHMENT_OF_PROTEIN_LOCALIZATION",457,0.00130810550968147,0.0137108920392051,1,1,"Up",12.2241686262938
"GO_POSITIVE_REGULATION_OF_TRANSPORT",458,0.00131015826287418,0.0137108920392051,1,1,"Up",12.2241686262938
"GO_REGULATION_OF_PROTEIN_TYROSINE_KINASE_ACTIVITY",459,0.00131917188623557,0.0137681572820942,1,1,"Up",12.2122910963214
"GO_CELL_PART_MORPHOGENESIS",460,0.00132137541200987,0.0137681572820942,1,1,"Up",12.2122910963214
"GO_COLLAGEN_FIBRIL_ORGANIZATION",461,0.00133495045969117,0.0138194763570189,1,1,"Up",12.2016887747351
"GO_SPINDLE_LOCALIZATION",462,0.00133495045969117,0.0138194763570189,1,1,"Up",12.2016887747351
"GO_POSITIVE_REGULATION_OF_BIOMINERAL_TISSUE_DEVELOPMENT",463,0.00133495045969117,0.0138194763570189,1,1,"Up",12.2016887747351
"GO_REGULATION_OF_MICROTUBULE_POLYMERIZATION",464,0.00135347209331417,0.0139509499854942,1,1,"Up",12.1747054506672
"GO_PEPTIDE_ANTIGEN_BINDING",465,0.00135347209331417,0.0139509499854942,1,1,"Up",12.1747054506672
"GO_NEGATIVE_REGULATION_OF_NITROGEN_COMPOUND_METABOLIC_PROCESS",466,0.00137552773891752,0.0141478636322568,1,1,"Up",12.1347633369264
"GO_PROTEINACEOUS_EXTRACELLULAR_MATRIX",467,0.00138687798905387,0.0142340603887264,1,1,"Up",12.1174537569834
"GO_LIPID_MODIFICATION",468,0.00140693217440988,0.0143783068485001,1,1,"Up",12.0887200833422
"GO_PROTEIN_DEPHOSPHORYLATION",469,0.00140552009825972,0.0143783068485001,1,1,"Up",12.0887200833422
"GO_STRIATED_MUSCLE_CELL_DIFFERENTIATION",470,0.00148592695086575,0.0150254174588598,1,1,"Up",11.9632666902743
"GO_CELL_MORPHOGENESIS_INVOLVED_IN_NEURON_DIFFERENTIATION",471,0.00148008966866944,0.0150254174588598,1,1,"Up",11.9632666902743
"GO_LIPID_OXIDATION",472,0.00147411337605785,0.0150254174588598,1,1,"Up",11.9632666902743
"GO_NEGATIVE_REGULATION_OF_NEURON_DEATH",473,0.00148592695086575,0.0150254174588598,1,1,"Up",11.9632666902743
"GO_PHOSPHORIC_ESTER_HYDROLASE_ACTIVITY",474,0.00148008966866944,0.0150254174588598,1,1,"Up",11.9632666902743
"GO_HISTONE_DEACETYLASE_BINDING",475,0.00149724966839867,0.0150762976063757,1,1,"Up",11.9536329787462
"GO_TRANSCRIPTIONAL_REPRESSOR_ACTIVITY_RNA_POLYMERASE_II_CORE_PROMOTER_PROXIMAL_REGION_SEQUENCE_SPECIFIC_BINDING",476,0.00149724966839867,0.0150762976063757,1,1,"Up",11.9536329787462
"GO_ACTIN_BASED_CELL_PROJECTION",477,0.00150646957787929,0.0151373347731141,1,1,"Up",11.9421189285362
"GO_RESPONSE_TO_REACTIVE_OXYGEN_SPECIES",478,0.00151688838997907,0.0152101381865474,1,1,"Up",11.9284458551494
"GO_TRANSCRIPTIONAL_ACTIVATOR_ACTIVITY_RNA_POLYMERASE_II_TRANSCRIPTION_REGULATORY_REGION_SEQUENCE_SPECIFIC_BINDING",479,0.00153197696226351,0.0153293644679103,1,1,"Up",11.9061949159165
"GO_REGULATION_OF_CHROMATIN_ORGANIZATION",480,0.0015370944043463,0.015339291366509,1,1,"Up",11.9043500918235
"GO_COPPER_ION_BINDING",481,0.00153936973655139,0.015339291366509,1,1,"Up",11.9043500918235
"GO_REGULATION_OF_MAPK_CASCADE",482,0.00155292997935769,0.0154423099399615,1,1,"Up",11.8852752016012
"GO_MULTICELLULAR_ORGANISMAL_MACROMOLECULE_METABOLIC_PROCESS",483,0.00157925488235048,0.0156715707062233,1,1,"Up",11.8432780804549
"GO_MEMBRANE_DEPOLARIZATION_DURING_ACTION_POTENTIAL",484,0.00162478670662676,0.015764377904579,1,1,"Up",11.8264516321
"GO_FERRIC_IRON_TRANSPORT",485,0.00162478670662676,0.015764377904579,1,1,"Up",11.8264516321
"GO_PH_REDUCTION",486,0.00162478670662676,0.015764377904579,1,1,"Up",11.8264516321
"GO_NUCLEOTIDE_TRANSPORT",487,0.00160920389204159,0.015764377904579,1,1,"Up",11.8264516321
"GO_EMBRYO_DEVELOPMENT",488,0.00160685722480151,0.015764377904579,1,1,"Up",11.8264516321
"GO_SULFUR_COMPOUND_CATABOLIC_PROCESS",489,0.00162478670662676,0.015764377904579,1,1,"Up",11.8264516321
"GO_REGULATION_OF_CENTROSOME_CYCLE",490,0.00162478670662676,0.015764377904579,1,1,"Up",11.8264516321
"GO_TRIVALENT_INORGANIC_CATION_TRANSPORT",491,0.00162478670662676,0.015764377904579,1,1,"Up",11.8264516321
"GO_EXTRACELLULAR_FIBRIL_ORGANIZATION",492,0.00160086629162697,0.015764377904579,1,1,"Up",11.8264516321
"GO_CYTOSKELETON_DEPENDENT_CYTOKINESIS",493,0.00162478670662676,0.015764377904579,1,1,"Up",11.8264516321
"GO_TRANSITION_METAL_ION_TRANSMEMBRANE_TRANSPORTER_ACTIVITY",494,0.00162478670662676,0.015764377904579,1,1,"Up",11.8264516321
"GO_POSITIVE_REGULATION_OF_GENE_EXPRESSION",495,0.00165908670507768,0.0160646516715906,1,1,"Up",11.7726812674305
"GO_PALLIUM_DEVELOPMENT",496,0.00167452864898103,0.016181483497109,1,1,"Up",11.7520311989748
"GO_POSITIVE_REGULATION_OF_CELL_PROLIFERATION",497,0.0016784301941754,0.0161865511482549,1,1,"Up",11.7511388669354
"GO_MUSCLE_CONTRACTION",498,0.00169535610770516,0.0162516836484617,1,1,"Up",11.7396948834361
"GO_POSITIVE_REGULATION_OF_T_CELL_MEDIATED_IMMUNITY",499,0.00169079424849651,0.0162516836484617,1,1,"Up",11.7396948834361
"GO_SECONDARY_ACTIVE_TRANSMEMBRANE_TRANSPORTER_ACTIVITY",500,0.00169535610770516,0.0162516836484617,1,1,"Up",11.7396948834361
"GO_RNA_POLYMERASE_II_TRANSCRIPTION_FACTOR_ACTIVITY_SEQUENCE_SPECIFIC_DNA_BINDING",501,0.00170617973480214,0.0163227933511111,1,1,"Up",11.727252940543
"GO_RESPONSE_TO_TOPOLOGICALLY_INCORRECT_PROTEIN",502,0.00171614795216342,0.0163854524596001,1,1,"Up",11.7163344251022
"GO_HEAD_DEVELOPMENT",503,0.00172979732230774,0.0164829394946739,1,1,"Up",11.6994297907586
"GO_MEMBRANE_DISASSEMBLY",504,0.00176283061086983,0.0166981168337927,1,1,"Up",11.6624683819871
"GO_NUCLEAR_ENVELOPE_DISASSEMBLY",505,0.00176283061086983,0.0166981168337927,1,1,"Up",11.6624683819871
"GO_EXTRACELLULAR_MATRIX_COMPONENT",506,0.00175787672477327,0.0166981168337927,1,1,"Up",11.6624683819871
"GO_POSITIVE_REGULATION_OF_EPITHELIAL_CELL_PROLIFERATION",507,0.00182230213956249,0.0172274046448185,1,1,"Up",11.5735407549266
"GO_MEMBRANE_LIPID_METABOLIC_PROCESS",508,0.00189767509615542,0.0178694631353103,1,1,"Up",11.469263211476
"GO_CELLULAR_RESPONSE_TO_OXIDATIVE_STRESS",509,0.00189767509615542,0.0178694631353103,1,1,"Up",11.469263211476
"GO_POSITIVE_REGULATION_OF_PROTEIN_METABOLIC_PROCESS",510,0.00190304571702761,0.0178848982778693,1,1,"Up",11.4668027433183
"GO_NITROGEN_COMPOUND_TRANSPORT",511,0.00192357199525045,0.0180424277362728,1,1,"Up",11.4418121958143
"GO_MUSCLE_CELL_DIFFERENTIATION",512,0.00193660167404097,0.0180586222250552,1,1,"Up",11.4392554736177
"GO_MUSCLE_CELL_DEVELOPMENT",513,0.00193178288780636,0.0180586222250552,1,1,"Up",11.4392554736177
"GO_EMBRYONIC_ORGAN_DEVELOPMENT",514,0.00193627358720391,0.0180586222250552,1,1,"Up",11.4392554736177
"GO_PROTEIN_CATABOLIC_PROCESS",515,0.00201155856202816,0.0187211654132057,1,1,"Up",11.3365749532542
"GO_GLIAL_CELL_DIFFERENTIATION",516,0.00202720537299045,0.0187938014559831,1,1,"Up",11.325539650464
"GO_GLYCOSAMINOGLYCAN_BINDING",517,0.00202698371688404,0.0187938014559831,1,1,"Up",11.325539650464
"GO_POSITIVE_REGULATION_OF_CALCIUM_ION_DEPENDENT_EXOCYTOSIS",518,0.00206513894172913,0.0190716973944272,1,1,"Up",11.2837101751628
"GO_SPECTRIN_BINDING",519,0.00206513894172913,0.0190716973944272,1,1,"Up",11.2837101751628
"GO_ION_HOMEOSTASIS",520,0.00209454369313388,0.0192689979293487,1,1,"Up",11.2543804350768
"GO_GLUTATHIONE_TRANSFERASE_ACTIVITY",521,0.0020912181783811,0.0192689979293487,1,1,"Up",11.2543804350768
"GO_INTRACELLULAR_SIGNAL_TRANSDUCTION",522,0.00216034749139507,0.0198305829289347,1,1,"Up",11.1725133425963
"GO_RESPONSE_TO_GROWTH_FACTOR",523,0.00216386289835862,0.0198305829289347,1,1,"Up",11.1725133425963
"GO_FATTY_ACID_CATABOLIC_PROCESS",524,0.00218692612902316,0.0199276367612319,1,1,"Up",11.1586002804492
"GO_HIPPOCAMPUS_DEVELOPMENT",525,0.00218692612902316,0.0199276367612319,1,1,"Up",11.1586002804492
"GO_G1_DNA_DAMAGE_CHECKPOINT",526,0.00218692612902316,0.0199276367612319,1,1,"Up",11.1586002804492
"GO_RESPONSE_TO_CORTICOSTEROID",527,0.00220144728450767,0.0200218915268411,1,1,"Up",11.1451531824248
"GO_CARDIAC_CONDUCTION",528,0.00227585133093885,0.0206593852825566,1,1,"Up",11.0558322978176
"GO_PLASMA_MEMBRANE_PROTEIN_COMPLEX",529,0.00228532670048707,0.0207061831293658,1,1,"Up",11.0493843255178
"GO_OLIGOSACCHARIDE_METABOLIC_PROCESS",530,0.0023299890077365,0.0207960254686429,1,1,"Up",11.0370462727405
"GO_REGULATION_OF_DNA_DEPENDENT_DNA_REPLICATION",531,0.002354981879464,0.0207960254686429,1,1,"Up",11.0370462727405
"GO_NEGATIVE_REGULATION_OF_FAT_CELL_DIFFERENTIATION",532,0.002354981879464,0.0207960254686429,1,1,"Up",11.0370462727405
"GO_COPPER_ION_TRANSPORT",533,0.00236032502711073,0.0207960254686429,1,1,"Up",11.0370462727405
"GO_CALCIUM_ION_IMPORT",534,0.0023299890077365,0.0207960254686429,1,1,"Up",11.0370462727405
"GO_REGULATION_OF_ERK1_AND_ERK2_CASCADE",535,0.0023536515271667,0.0207960254686429,1,1,"Up",11.0370462727405
"GO_GENETIC_IMPRINTING",536,0.00236032502711073,0.0207960254686429,1,1,"Up",11.0370462727405
"GO_AMELOGENESIS",537,0.00236032502711073,0.0207960254686429,1,1,"Up",11.0370462727405
"GO_REGULATION_OF_RESPONSE_TO_OXIDATIVE_STRESS",538,0.0023299890077365,0.0207960254686429,1,1,"Up",11.0370462727405
"GO_PEPTIDYL_TYROSINE_DEPHOSPHORYLATION",539,0.00230395764882996,0.0207960254686429,1,1,"Up",11.0370462727405
"GO_ANTIGEN_PROCESSING_AND_PRESENTATION_OF_ENDOGENOUS_PEPTIDE_ANTIGEN",540,0.00234173820077765,0.0207960254686429,1,1,"Up",11.0370462727405
"GO_LYSOPHOSPHOLIPASE_ACTIVITY",541,0.00236032502711073,0.0207960254686429,1,1,"Up",11.0370462727405
"GO_CALCIUM_ION_TRANSMEMBRANE_TRANSPORTER_ACTIVITY",542,0.0023233871491138,0.0207960254686429,1,1,"Up",11.0370462727405
"GO_MAP_KINASE_PHOSPHATASE_ACTIVITY",543,0.00234173820077765,0.0207960254686429,1,1,"Up",11.0370462727405
"GO_C_ACYLTRANSFERASE_ACTIVITY",544,0.00234173820077765,0.0207960254686429,1,1,"Up",11.0370462727405
"GO_DNA_BIOSYNTHETIC_PROCESS",545,0.00242053983930671,0.0212874265133891,1,1,"Up",10.9704912921138
"GO_CYTOPLASMIC_MICROTUBULE",546,0.00242782846516678,0.0213124209405575,1,1,"Up",10.9671472534003
"GO_NUCLEAR_CHROMOSOME",547,0.00245365012071086,0.0214997166884225,1,1,"Up",10.9422127985015
"GO_POSITIVE_REGULATION_OF_TRANSCRIPTION_FROM_RNA_POLYMERASE_II_PROMOTER",548,0.00248133059092683,0.021702586719548,1,1,"Up",10.9154488436739
"GO_SYNAPTIC_MEMBRANE",549,0.00252106513368907,0.0220099548010414,1,1,"Up",10.8753717731216
"GO_RESPONSE_TO_PURINE_CONTAINING_COMPOUND",550,0.0025294203574969,0.0220427486790594,1,1,"Up",10.8711289356669
"GO_NUCLEOSIDE_PHOSPHATE_BIOSYNTHETIC_PROCESS",551,0.00255192011393484,0.0221515224377102,1,1,"Up",10.8571009556069
"GO_NUCLEOSIDE_MONOPHOSPHATE_BIOSYNTHETIC_PROCESS",552,0.0025578945353476,0.0221515224377102,1,1,"Up",10.8571009556069
"GO_PHOSPHOPROTEIN_PHOSPHATASE_ACTIVITY",553,0.00256038878165897,0.0221515224377102,1,1,"Up",10.8571009556069
"GO_ANION_TRANSMEMBRANE_TRANSPORTER_ACTIVITY",554,0.00255395035545957,0.0221515224377102,1,1,"Up",10.8571009556069
"GO_ANION_TRANSMEMBRANE_TRANSPORT",555,0.00259850759022208,0.0224199628149068,1,1,"Up",10.8227742529588
"GO_CARBOHYDRATE_DERIVATIVE_BIOSYNTHETIC_PROCESS",556,0.00260956687997508,0.0224199628149068,1,1,"Up",10.8227742529588
"GO_LOCOMOTION",557,0.00260841678343547,0.0224199628149068,1,1,"Up",10.8227742529588
"GO_RESPONSE_TO_LITHIUM_ION",558,0.00261480475976067,0.0224199628149068,1,1,"Up",10.8227742529588
"GO_MHC_PROTEIN_COMPLEX",559,0.00261480475976067,0.0224199628149068,1,1,"Up",10.8227742529588
"GO_AXON_PART",560,0.00262648919429677,0.022479933407615,1,1,"Up",10.8151617168621
"GO_CLUSTER_OF_ACTIN_BASED_CELL_PROJECTIONS",561,0.00263459417297439,0.0225091085045745,1,1,"Up",10.8114656337606
"GO_REGULATION_OF_PEPTIDE_SECRETION",562,0.00267492966473333,0.0227802237686925,1,1,"Up",10.7773463942514
"GO_CHROMATIN_BINDING",563,0.00267583266884496,0.0227802237686925,1,1,"Up",10.7773463942514
"GO_REGULATION_OF_RESPONSE_TO_STRESS",564,0.00268446959235728,0.0228132318371781,1,1,"Up",10.7732201609384
"GO_CELLULAR_COMPONENT_DISASSEMBLY",565,0.00270510512004123,0.0229479094519604,1,1,"Up",10.7564461884807
"GO_SULFUR_COMPOUND_METABOLIC_PROCESS",566,0.00271887335106827,0.0230239575471205,1,1,"Up",10.7470179035726
"GO_MULTICELLULAR_ORGANISMAL_HOMEOSTASIS",567,0.00274747990136926,0.0232251696071655,1,1,"Up",10.7222214649747
"GO_POSITIVE_REGULATION_OF_OSSIFICATION",568,0.0028680740240167,0.0242018992906902,1,1,"Up",10.6048275424349
"GO_REGULATION_OF_ANATOMICAL_STRUCTURE_MORPHOGENESIS",569,0.00287470388643557,0.0242152121751945,1,1,"Up",10.6032603966392
"GO_SENSORY_ORGAN_DEVELOPMENT",570,0.00289942868720047,0.0243806345574594,1,1,"Up",10.5838590043311
"GO_REGULATION_OF_TRANSMEMBRANE_TRANSPORT",571,0.00295219571314956,0.0247375420509193,1,1,"Up",10.542444050991
"GO_SIDE_OF_MEMBRANE",572,0.00295219571314956,0.0247375420509193,1,1,"Up",10.542444050991
"GO_POSITIVE_REGULATION_OF_NEURON_DEATH",573,0.00303290417073332,0.0252980228039193,1,1,"Up",10.4785976876728
"GO_CELLULAR_AMINO_ACID_CATABOLIC_PROCESS",574,0.00303491823748249,0.0252980228039193,1,1,"Up",10.4785976876728
"GO_REGULATION_OF_SISTER_CHROMATID_SEGREGATION",575,0.00303290417073332,0.0252980228039193,1,1,"Up",10.4785976876728
"GO_ACIDIC_AMINO_ACID_TRANSPORT",576,0.00310299126641598,0.0258205505901594,1,1,"Up",10.4203361565122
"GO_POSITIVE_REGULATION_OF_EPITHELIAL_CELL_MIGRATION",577,0.00313098005461583,0.0260082970568002,1,1,"Up",10.3996900472251
"GO_CELLULAR_RESPONSE_TO_HORMONE_STIMULUS",578,0.00315762636832075,0.0261692349716675,1,1,"Up",10.3821103125162
"GO_EXTRACELLULAR_MATRIX_STRUCTURAL_CONSTITUENT",579,0.00316127415994064,0.0261692349716675,1,1,"Up",10.3821103125162
"GO_CELLULAR_RESPONSE_TO_TOPOLOGICALLY_INCORRECT_PROTEIN",580,0.00319234581980289,0.0263323056100744,1,1,"Up",10.3644075426556
"GO_POSITIVE_REGULATION_OF_CHROMATIN_MODIFICATION",581,0.0032084428283504,0.0263323056100744,1,1,"Up",10.3644075426556
"GO_POSITIVE_REGULATION_OF_CELL_CYCLE_ARREST",582,0.0032084428283504,0.0263323056100744,1,1,"Up",10.3644075426556
"GO_REGULATION_OF_DNA_REPLICATION",583,0.00320082254072884,0.0263323056100744,1,1,"Up",10.3644075426556
"GO_UBIQUITIN_LIKE_PROTEIN_LIGASE_BINDING",584,0.00319966135898502,0.0263323056100744,1,1,"Up",10.3644075426556
"GO_RESPONSE_TO_ACID_CHEMICAL",585,0.00326596358772334,0.0267474421691588,1,1,"Up",10.3198309274265
"GO_MUSCLE_HYPERTROPHY",586,0.00327018591928376,0.0267474421691588,1,1,"Up",10.3198309274265
"GO_VACUOLAR_ACIDIFICATION",587,0.00330356750734261,0.0269225773670524,1,1,"Up",10.3012323670732
"GO_MIDBODY",588,0.00330844941981929,0.0269225773670524,1,1,"Up",10.3012323670732
"GO_PROTEIN_KINASE_A_CATALYTIC_SUBUNIT_BINDING",589,0.00330356750734261,0.0269225773670524,1,1,"Up",10.3012323670732
"GO_CARBOHYDRATE_CATABOLIC_PROCESS",590,0.00333560567950326,0.0270975559692528,1,1,"Up",10.2827708701284
"GO_NEGATIVE_REGULATION_OF_CELL_ADHESION",591,0.00340717463696953,0.0276321286548138,1,1,"Up",10.2270992662528
"GO_EMBRYO_DEVELOPMENT_ENDING_IN_BIRTH_OR_EGG_HATCHING",592,0.00341582515342196,0.0276554897978909,1,1,"Up",10.2246910120045
"GO_CORE_PROMOTER_BINDING",593,0.00343548000273058,0.02776771610976,1,1,"Up",10.2131501102604
"GO_GOLGI_VESICLE_TRANSPORT",594,0.00344237983181315,0.0277766439964317,1,1,"Up",10.2122340062013
"GO_NEGATIVE_REGULATION_OF_HYDROLASE_ACTIVITY",595,0.00345361941445907,0.0278205005941216,1,1,"Up",10.2077380855004
"GO_CHROMOSOMAL_REGION",596,0.00346391465220386,0.0278566156510287,1,1,"Up",10.204041100113
"GO_PLASMA_MEMBRANE_ORGANIZATION",597,0.00356644526778578,0.0286331192102131,1,1,"Up",10.1256913938239
"GO_REGULATION_OF_ENDOTHELIAL_CELL_MIGRATION",598,0.00366051199924873,0.0293391873117043,1,1,"Up",10.0562715567627
"GO_CELLULAR_RESPONSE_TO_OXYGEN_LEVELS",599,0.00367587037952252,0.0294130997146101,1,1,"Up",10.049101396274
"GO_PROTEIN_LOCALIZATION_TO_ORGANELLE",600,0.00369210712467833,0.0294937824143054,1,1,"Up",10.0412949970199
"GO_REGULATION_OF_GTPASE_ACTIVITY",601,0.00370223800592442,0.0295255021004921,1,1,"Up",10.0382318271158
"GO_MEMBRANE_MICRODOMAIN",602,0.00371579855625708,0.0295844227244854,1,1,"Up",10.0325505865791
"GO_CELLULAR_RESPONSE_TO_ORGANIC_CYCLIC_COMPOUND",603,0.00372796331386069,0.0296190870280469,1,1,"Up",10.0292134715417
"GO_REGULATION_OF_CATABOLIC_PROCESS",604,0.0037494653848667,0.0296190870280469,1,1,"Up",10.0292134715417
"GO_DEOXYRIBONUCLEOTIDE_METABOLIC_PROCESS",605,0.00375105066263811,0.0296190870280469,1,1,"Up",10.0292134715417
"GO_TOXIN_TRANSPORT",606,0.00375105066263811,0.0296190870280469,1,1,"Up",10.0292134715417
"GO_POSITIVE_REGULATION_OF_PROTEIN_ACETYLATION",607,0.00375105066263811,0.0296190870280469,1,1,"Up",10.0292134715417
"GO_REGULATION_OF_T_CELL_MEDIATED_IMMUNITY",608,0.00386678968323358,0.0304827680127279,1,1,"Up",9.94730449838431
"GO_GLYCOSPHINGOLIPID_METABOLIC_PROCESS",609,0.00389832560724515,0.0306809107315698,1,1,"Up",9.92884065356511
"GO_SIGNAL_TRANSDUCTION_IN_RESPONSE_TO_DNA_DAMAGE",610,0.00392210990161721,0.030716785553025,1,1,"Up",9.92551042666649
"GO_NEGATIVE_REGULATION_OF_CHROMOSOME_ORGANIZATION",611,0.00392210990161721,0.030716785553025,1,1,"Up",9.92551042666649
"GO_NEGATIVE_REGULATION_OF_ACTIN_FILAMENT_POLYMERIZATION",612,0.00391380022453511,0.030716785553025,1,1,"Up",9.92551042666649
"GO_RNA_LOCALIZATION",613,0.00394799103885723,0.0308690392320436,1,1,"Up",9.91142000398676
"GO_TRANSITION_METAL_ION_BINDING",614,0.00398186760556832,0.031083210803728,1,1,"Up",9.89171654053922
"GO_RESPONSE_TO_STARVATION",615,0.00401457807260572,0.0311861794197718,1,1,"Up",9.88229185732712
"GO_POSTSYNAPSE",616,0.00401380200608381,0.0311861794197718,1,1,"Up",9.88229185732712
"GO_PRECATALYTIC_SPLICEOSOME",617,0.00400691328266487,0.0311861794197718,1,1,"Up",9.88229185732712
"GO_EMBRYONIC_ORGAN_MORPHOGENESIS",618,0.00409199475459932,0.0317361340757193,1,1,"Up",9.83247579880098
"GO_REGULATION_OF_PROTEIN_SECRETION",619,0.0041818337462098,0.0323804994274371,1,1,"Up",9.77519458749229
"GO_MEMBRANE_DEPOLARIZATION",620,0.00421325192163745,0.0325187060554079,1,1,"Up",9.76305717113048
"GO_ATPASE_ACTIVITY_COUPLED",621,0.00421251742973858,0.0325187060554079,1,1,"Up",9.76305717113048
"GO_POSITIVE_REGULATION_OF_DNA_METABOLIC_PROCESS",622,0.00423151168035663,0.032554792109068,1,1,"Up",9.75989655767907
"GO_KINASE_REGULATOR_ACTIVITY",623,0.00423151168035663,0.032554792109068,1,1,"Up",9.75989655767907
"GO_SKELETAL_MUSCLE_ORGAN_DEVELOPMENT",624,0.00425676621813321,0.0326966033389623,1,1,"Up",9.74750980100687
"GO_GLIOGENESIS",625,0.00428783141850334,0.0328825215822184,1,1,"Up",9.73135157582489
"GO_KINASE_ACTIVITY",626,0.00431198169163339,0.0330149013546307,1,1,"Up",9.71990198711706
"GO_REGULATION_OF_PROTEIN_MODIFICATION_BY_SMALL_PROTEIN_CONJUGATION_OR_REMOVAL",627,0.00432342251173103,0.0330497035067413,1,1,"Up",9.71689955358296
"GO_CYTOSOLIC_CALCIUM_ION_TRANSPORT",628,0.00446122887177699,0.0340488375516355,1,1,"Up",9.63202472999477
"GO_POSITIVE_REGULATION_OF_HISTONE_H3_K4_METHYLATION",629,0.00451981448734738,0.0341157021068598,1,1,"Up",9.62643393334741
"GO_REGULATION_OF_MEMBRANE_LIPID_DISTRIBUTION",630,0.00448562300927415,0.0341157021068598,1,1,"Up",9.62643393334741
"GO_POSITIVE_REGULATION_OF_T_CELL_MEDIATED_CYTOTOXICITY",631,0.00451981448734738,0.0341157021068598,1,1,"Up",9.62643393334741
"GO_NEGATIVE_REGULATION_OF_T_CELL_APOPTOTIC_PROCESS",632,0.00451981448734738,0.0341157021068598,1,1,"Up",9.62643393334741
"GO_CELL_CORTEX_REGION",633,0.00451981448734738,0.0341157021068598,1,1,"Up",9.62643393334741
"GO_CYTOSKELETAL_ADAPTOR_ACTIVITY",634,0.00451981448734738,0.0341157021068598,1,1,"Up",9.62643393334741
"GO_PHOSPHOLIPID_TRANSLOCATING_ATPASE_ACTIVITY",635,0.00451981448734738,0.0341157021068598,1,1,"Up",9.62643393334741
"GO_NEURON_PROJECTION_MORPHOGENESIS",636,0.00454408953182853,0.0342450017705254,1,1,"Up",9.61565371666915
"GO_SPROUTING_ANGIOGENESIS",637,0.00458212850594806,0.0344234199514249,1,1,"Up",9.60084494211561
"GO_PROTEIN_TYROSINE_SERINE_THREONINE_PHOSPHATASE_ACTIVITY",638,0.00458212850594806,0.0344234199514249,1,1,"Up",9.60084494211561
"GO_EMBRYONIC_MORPHOGENESIS",639,0.0046533806103625,0.0348494582272929,1,1,"Up",9.5657917991033
"GO_LIPID_BIOSYNTHETIC_PROCESS",640,0.0046533806103625,0.0348494582272929,1,1,"Up",9.5657917991033
"GO_POSITIVE_REGULATION_OF_BIOSYNTHETIC_PROCESS",641,0.0047206880259624,0.0352983739601213,1,1,"Up",9.52931702563054
"GO_REGULATION_OF_CELLULAR_RESPONSE_TO_STRESS",642,0.00475158294557062,0.0354740452618692,1,1,"Up",9.51516971879671
"GO_REGULATION_OF_ENDOTHELIAL_CELL_PROLIFERATION",643,0.0047816482879015,0.0356429863824446,1,1,"Up",9.50163034217992
"GO_REGULATION_OF_RECEPTOR_ACTIVITY",644,0.0047951989969806,0.0356884919138634,1,1,"Up",9.49799438192203
"GO_CELL_MOTILITY",645,0.00486232542379166,0.0360760460622808,1,1,"Up",9.46721479255757
"GO_LOCALIZATION_OF_CELL",646,0.00486232542379166,0.0360760460622808,1,1,"Up",9.46721479255757
"GO_KINASE_INHIBITOR_ACTIVITY",647,0.00491566327172852,0.036415415859961,1,1,"Up",9.440532348539
"GO_CHONDROITIN_SULFATE_PROTEOGLYCAN_BIOSYNTHETIC_PROCESS",648,0.00494819202534516,0.0365137408610339,1,1,"Up",9.43284814015232
"GO_ER_TO_GOLGI_TRANSPORT_VESICLE",649,0.00495179043598415,0.0365137408610339,1,1,"Up",9.43284814015232
"GO_PHOSPHATE_TRANSMEMBRANE_TRANSPORTER_ACTIVITY",650,0.00494819202534516,0.0365137408610339,1,1,"Up",9.43284814015232
"GO_RESPONSE_TO_PEPTIDE",651,0.00496747514006639,0.0365731311003659,1,1,"Up",9.42821674433771
"GO_MORPHOGENESIS_OF_A_BRANCHING_STRUCTURE",652,0.00499694145305913,0.0367336508964914,1,1,"Up",9.41573655307745
"GO_REGULATION_OF_EPIDERMAL_GROWTH_FACTOR_ACTIVATED_RECEPTOR_ACTIVITY",653,0.00509169172987191,0.0368647710895409,1,1,"Up",9.4055825418456
"GO_REGULATION_OF_VESICLE_MEDIATED_TRANSPORT",654,0.00506764545785396,0.0368647710895409,1,1,"Up",9.4055825418456
"GO_REGULATION_OF_T_CELL_MEDIATED_CYTOTOXICITY",655,0.00509169172987191,0.0368647710895409,1,1,"Up",9.4055825418456
"GO_NEGATIVE_REGULATION_OF_PROTEIN_SECRETION",656,0.00504470704902065,0.0368647710895409,1,1,"Up",9.4055825418456
"GO_BRANCHED_CHAIN_AMINO_ACID_METABOLIC_PROCESS",657,0.00509169172987191,0.0368647710895409,1,1,"Up",9.4055825418456
"GO_STRIATED_MUSCLE_ADAPTATION",658,0.00509169172987191,0.0368647710895409,1,1,"Up",9.4055825418456
"GO_AXONEME_PART",659,0.00509169172987191,0.0368647710895409,1,1,"Up",9.4055825418456
"GO_PROTON_TRANSPORTING_V_TYPE_ATPASE_COMPLEX",660,0.00509169172987191,0.0368647710895409,1,1,"Up",9.4055825418456
"GO_HEPARIN_BINDING",661,0.00503381228724241,0.0368647710895409,1,1,"Up",9.4055825418456
"GO_ORGANOPHOSPHATE_ESTER_TRANSMEMBRANE_TRANSPORTER_ACTIVITY",662,0.00509169172987191,0.0368647710895409,1,1,"Up",9.4055825418456
"GO_PROTEIN_TYROSINE_KINASE_BINDING",663,0.00512528776614646,0.0370520426291704,1,1,"Up",9.39114259564281
"GO_REGULATION_OF_HORMONE_SECRETION",664,0.00524695267368646,0.0378744641038843,1,1,"Up",9.32858032511816
"GO_MUSCLE_TISSUE_DEVELOPMENT",665,0.0053128634944309,0.0382862222804673,1,1,"Up",9.29776606694688
"GO_RESPONSE_TO_COCAINE",666,0.00533594752417111,0.0382862222804673,1,1,"Up",9.29776606694688
"GO_NEGATIVE_REGULATION_OF_DNA_BINDING",667,0.00533594752417111,0.0382862222804673,1,1,"Up",9.29776606694688
"GO_REGULATION_OF_OXIDATIVE_STRESS_INDUCED_CELL_DEATH",668,0.00533594752417111,0.0382862222804673,1,1,"Up",9.29776606694688
"GO_REGULATION_OF_CELL_MATRIX_ADHESION",669,0.00544053247684488,0.0389782842474103,1,1,"Up",9.2467140781757
"GO_CARBOHYDRATE_METABOLIC_PROCESS",670,0.0054882067240983,0.0392611564606017,1,1,"Up",9.22610765822878
"GO_POSITIVE_REGULATION_OF_MYELOID_CELL_DIFFERENTIATION",671,0.0055476583344272,0.0395095488809949,1,1,"Up",9.20813504835368
"GO_NUCLEAR_ENVELOPE_ORGANIZATION",672,0.0055476583344272,0.0395095488809949,1,1,"Up",9.20813504835368
"GO_COFACTOR_BINDING",673,0.00554493580345164,0.0395095488809949,1,1,"Up",9.20813504835368
"GO_LYASE_ACTIVITY",674,0.0056589672705971,0.0402424779346764,1,1,"Up",9.15575468117393
"GO_LIMBIC_SYSTEM_DEVELOPMENT",675,0.00578804363236157,0.0410993972294948,1,1,"Up",9.09570953427881
"GO_REGULATION_OF_REPRODUCTIVE_PROCESS",676,0.00580922322186546,0.0411887676071023,1,1,"Up",9.08951950804603
"GO_RESPONSE_TO_ZINC_ION",677,0.00586431793795952,0.0412136009921407,1,1,"Up",9.08780186726475
"GO_NEGATIVE_REGULATION_OF_MUSCLE_CELL_DIFFERENTIATION",678,0.00586431793795952,0.0412136009921407,1,1,"Up",9.08780186726475
"GO_NEURON_PROJECTION_DEVELOPMENT",679,0.005833682867637,0.0412136009921407,1,1,"Up",9.08780186726475
"GO_AGING",680,0.00585696802567677,0.0412136009921407,1,1,"Up",9.08780186726475
"GO_POSITIVE_REGULATION_OF_TRANSFERASE_ACTIVITY",681,0.00586074513238327,0.0412136009921407,1,1,"Up",9.08780186726475
"GO_MITOTIC_SPINDLE",682,0.00586431793795952,0.0412136009921407,1,1,"Up",9.08780186726475
"GO_MITOTIC_CYTOKINESIS",683,0.00599665200552086,0.0417815981548533,1,1,"Up",9.0487954485681
"GO_NEGATIVE_REGULATION_OF_TRANSCRIPTION_REGULATORY_REGION_DNA_BINDING",684,0.00602359364177,0.0417815981548533,1,1,"Up",9.0487954485681
"GO_CELLULAR_RESPONSE_TO_LITHIUM_ION",685,0.00602359364177,0.0417815981548533,1,1,"Up",9.0487954485681
"GO_HYALURONAN_METABOLIC_PROCESS",686,0.00599665200552086,0.0417815981548533,1,1,"Up",9.0487954485681
"GO_MAMMARY_GLAND_ALVEOLUS_DEVELOPMENT",687,0.00602359364177,0.0417815981548533,1,1,"Up",9.0487954485681
"GO_MAMMARY_GLAND_LOBULE_DEVELOPMENT",688,0.00602359364177,0.0417815981548533,1,1,"Up",9.0487954485681
"GO_REGULATION_OF_PROTEOLYSIS",689,0.0060197300950026,0.0417815981548533,1,1,"Up",9.0487954485681
"GO_ANTIGEN_PROCESSING_AND_PRESENTATION_OF_ENDOGENOUS_ANTIGEN",690,0.00602359364177,0.0417815981548533,1,1,"Up",9.0487954485681
"GO_DOPAMINE_RECEPTOR_BINDING",691,0.00602359364177,0.0417815981548533,1,1,"Up",9.0487954485681
"GO_CARDIAC_MUSCLE_ADAPTATION",692,0.00611795508204421,0.0418839867496667,1,1,"Up",9.04182049933741
"GO_SNORNA_METABOLIC_PROCESS",693,0.00611795508204421,0.0418839867496667,1,1,"Up",9.04182049933741
"GO_REGULATION_OF_PROTEIN_COMPLEX_ASSEMBLY",694,0.00611356355013775,0.0418839867496667,1,1,"Up",9.04182049933741
"GO_MUSCLE_HYPERTROPHY_IN_RESPONSE_TO_STRESS",695,0.00611795508204421,0.0418839867496667,1,1,"Up",9.04182049933741
"GO_REGULATION_OF_ATTACHMENT_OF_SPINDLE_MICROTUBULES_TO_KINETOCHORE",696,0.00611795508204421,0.0418839867496667,1,1,"Up",9.04182049933741
"GO_REGULATION_OF_CELL_ADHESION",697,0.00612574060327902,0.0418839867496667,1,1,"Up",9.04182049933741
"GO_KETONE_BODY_METABOLIC_PROCESS",698,0.00611795508204421,0.0418839867496667,1,1,"Up",9.04182049933741
"GO_REGULATION_OF_OXIDATIVE_STRESS_INDUCED_NEURON_DEATH",699,0.00611795508204421,0.0418839867496667,1,1,"Up",9.04182049933741
"GO_REGULATION_OF_MYOBLAST_PROLIFERATION",700,0.00611795508204421,0.0418839867496667,1,1,"Up",9.04182049933741
"GO_CARDIAC_MUSCLE_HYPERTROPHY_IN_RESPONSE_TO_STRESS",701,0.00611795508204421,0.0418839867496667,1,1,"Up",9.04182049933741
"GO_NEGATIVE_REGULATION_OF_MAP_KINASE_ACTIVITY",702,0.00622055983453775,0.0424717140839593,1,1,"Up",9.00211007006661
"GO_NUCLEOBASE_METABOLIC_PROCESS",703,0.00628090316852712,0.0426239960013402,1,1,"Up",8.99191060872676
"GO_NEGATIVE_CHEMOTAXIS",704,0.00628090316852712,0.0426239960013402,1,1,"Up",8.99191060872676
"GO_CELL_PROJECTION_MEMBRANE",705,0.00629522062676179,0.0426239960013402,1,1,"Up",8.99191060872676
"GO_NUCLEAR_REPLICATION_FORK",706,0.00628090316852712,0.0426239960013402,1,1,"Up",8.99191060872676
"GO_TRANSPORTER_COMPLEX",707,0.00629622139973897,0.0426239960013402,1,1,"Up",8.99191060872676
"GO_CATION_CHANNEL_ACTIVITY",708,0.00629522062676179,0.0426239960013402,1,1,"Up",8.99191060872676
"GO_HEART_MORPHOGENESIS",709,0.00633202250915524,0.0428059011091411,1,1,"Up",8.9797747148569
"GO_DNA_DEPENDENT_DNA_REPLICATION_MAINTENANCE_OF_FIDELITY",710,0.00637707030391789,0.0428085405695777,1,1,"Up",8.97959900172051
"GO_CELL_DEATH",711,0.0063513395222851,0.0428085405695777,1,1,"Up",8.97959900172051
"GO_NEGATIVE_REGULATION_OF_MYOBLAST_DIFFERENTIATION",712,0.00637707030391789,0.0428085405695777,1,1,"Up",8.97959900172051
"GO_IONOTROPIC_GLUTAMATE_RECEPTOR_SIGNALING_PATHWAY",713,0.00637707030391789,0.0428085405695777,1,1,"Up",8.97959900172051
"GO_ESTABLISHMENT_OF_MITOTIC_SPINDLE_LOCALIZATION",714,0.00637707030391789,0.0428085405695777,1,1,"Up",8.97959900172051
"GO_POSITIVE_REGULATION_OF_APOPTOTIC_SIGNALING_PATHWAY",715,0.00660629184007708,0.0442852542510342,1,1,"Up",8.88295235045663
"GO_REGULATION_OF_PEPTIDYL_TYROSINE_PHOSPHORYLATION",716,0.00672699325932039,0.045031394821121,1,1,"Up",8.83533837547976
"GO_NUCLEOLUS",717,0.00674237577596033,0.0450714185413917,1,1,"Up",8.83280665803359
"GO_MORPHOGENESIS_OF_AN_EPITHELIUM",718,0.00681585040362475,0.0453348650406596,1,1,"Up",8.81619812986612
"GO_REGULATION_OF_PEPTIDE_TRANSPORT",719,0.00681961979852193,0.0453348650406596,1,1,"Up",8.81619812986612
"GO_LEARNING",720,0.00681568665027509,0.0453348650406596,1,1,"Up",8.81619812986612
"GO_ENDOCYTIC_VESICLE",721,0.00681961979852193,0.0453348650406596,1,1,"Up",8.81619812986612
"GO_RESPONSE_TO_KETONE",722,0.00690980453519411,0.0458336918268354,1,1,"Up",8.78501317479221
"GO_COLLAGEN_BINDING",723,0.00691378243079532,0.0458336918268354,1,1,"Up",8.78501317479221
"GO_REGULATION_OF_SMALL_GTPASE_MEDIATED_SIGNAL_TRANSDUCTION",724,0.0069255303617415,0.0458481588726892,1,1,"Up",8.78411381681128
"GO_APOPTOTIC_SIGNALING_PATHWAY",725,0.00695070662766857,0.0458767112370174,1,1,"Up",8.78233966373764
"GO_DNA_SYNTHESIS_INVOLVED_IN_DNA_REPAIR",726,0.00694461964173613,0.0458767112370174,1,1,"Up",8.78233966373764
"GO_NEGATIVE_REGULATION_OF_TRANSMEMBRANE_RECEPTOR_PROTEIN_SERINE_THREONINE_KINASE_SIGNALING_PATHWAY",727,0.00695855812003165,0.0458767112370174,1,1,"Up",8.78233966373764
"GO_POSITIVE_REGULATION_OF_RESPONSE_TO_STIMULUS",728,0.00707183499181099,0.0465594850491073,1,1,"Up",8.74023998415593
"GO_RESPONSE_TO_AMINE",729,0.00712801912991607,0.0467592986622615,1,1,"Up",8.72803624911803
"GO_GLYCEROLIPID_METABOLIC_PROCESS",730,0.00712726222422596,0.0467592986622615,1,1,"Up",8.72803624911803
"GO_DOUBLE_STRANDED_DNA_BINDING",731,0.00713145155896372,0.0467592986622615,1,1,"Up",8.72803624911803
"GO_REGULATION_OF_OSTEOBLAST_DIFFERENTIATION",732,0.00718247021924351,0.0470294805475876,1,1,"Up",8.71161740237588
"GO_NEGATIVE_REGULATION_OF_CYCLIN_DEPENDENT_PROTEIN_KINASE_ACTIVITY",733,0.0072022921774877,0.0470949337062736,1,1,"Up",8.70765403348573
"GO_ACTIN_FILAMENT_BASED_MOVEMENT",734,0.00729021654779876,0.047460349506233,1,1,"Up",8.68562782291997
"GO_MULTICELLULAR_ORGANISM_METABOLIC_PROCESS",735,0.00729021654779876,0.047460349506233,1,1,"Up",8.68562782291997
"GO_MEMBRANE_ORGANIZATION",736,0.00729778376509362,0.047460349506233,1,1,"Up",8.68562782291997
"GO_BASEMENT_MEMBRANE",737,0.00729021654779876,0.047460349506233,1,1,"Up",8.68562782291997
"GO_PROTEIN_UBIQUITINATION_INVOLVED_IN_UBIQUITIN_DEPENDENT_PROTEIN_CATABOLIC_PROCESS",738,0.00736946094982072,0.0476035395316586,1,1,"Up",8.67704295495238
"GO_RESPONSE_TO_WOUNDING",739,0.00734781799414789,0.0476035395316586,1,1,"Up",8.67704295495238
"GO_REGULATION_OF_MEIOTIC_CELL_CYCLE",740,0.00736039039308017,0.0476035395316586,1,1,"Up",8.67704295495238
"GO_POSITIVE_REGULATION_OF_CELL_MATRIX_ADHESION",741,0.00736039039308017,0.0476035395316586,1,1,"Up",8.67704295495238
"GO_VOLTAGE_GATED_CALCIUM_CHANNEL_COMPLEX",742,0.00736039039308017,0.0476035395316586,1,1,"Up",8.67704295495238
"GO_POSTSYNAPTIC_MEMBRANE",743,0.00739287018109711,0.0476904801857314,1,1,"Up",8.67184307305765
"GO_FOREBRAIN_DEVELOPMENT",744,0.00745597731953266,0.048032929156613,1,1,"Up",8.6514531464451
"GO_OXIDATION_REDUCTION_PROCESS",745,0.00750393517690769,0.0482769950374746,1,1,"Up",8.63700962591709
"GO_REGULATION_OF_CELL_GROWTH",746,0.00752398063556866,0.0483410712952823,1,1,"Up",8.63322977244027
"GO_IRON_ION_TRANSPORT",747,0.00758932643943263,0.0486956380511387,1,1,"Up",8.6124040541778
"GO_REGULATION_OF_CALCIUM_ION_IMPORT",748,0.00761098619936387,0.0487693273443196,1,1,"Up",8.60809489989675
"GO_POSITIVE_REGULATION_OF_NERVOUS_SYSTEM_DEVELOPMENT",749,0.00768012178161264,0.0491466271018283,1,1,"Up",8.58613292874489
"GO_REGULATION_OF_CELLULAR_PH",750,0.00773339328293752,0.0492900984110632,1,1,"Up",8.57782592677895
"GO_VASCULAR_PROCESS_IN_CIRCULATORY_SYSTEM",751,0.00771620079965506,0.0492900984110632,1,1,"Up",8.57782592677895
"GO_TRANSCRIPTIONAL_ACTIVATOR_ACTIVITY_RNA_POLYMERASE_II_CORE_PROMOTER_PROXIMAL_REGION_SEQUENCE_SPECIFIC_BINDING",752,0.00772964911765936,0.0492900984110632,1,1,"Up",8.57782592677895
"GO_ORGANOPHOSPHATE_CATABOLIC_PROCESS",753,0.00781700457631408,0.049598774991447,1,1,"Up",8.5600351969517
"GO_OOCYTE_MATURATION",754,0.00784711784277842,0.049598774991447,1,1,"Up",8.5600351969517
"GO_POSITIVE_REGULATION_OF_MICROTUBULE_POLYMERIZATION",755,0.00784711784277842,0.049598774991447,1,1,"Up",8.5600351969517
"GO_NEURON_PROJECTION_GUIDANCE",756,0.00785426042530946,0.049598774991447,1,1,"Up",8.5600351969517
"GO_HOMOPHILIC_CELL_ADHESION_VIA_PLASMA_MEMBRANE_ADHESION_MOLECULES",757,0.00784202022806819,0.049598774991447,1,1,"Up",8.5600351969517
"GO_FILOPODIUM_MEMBRANE",758,0.00784711784277842,0.049598774991447,1,1,"Up",8.5600351969517
"GO_ATP_DEPENDENT_MICROTUBULE_MOTOR_ACTIVITY",759,0.00784711784277842,0.049598774991447,1,1,"Up",8.5600351969517
"GO_CHONDROITIN_SULFATE_BIOSYNTHETIC_PROCESS",760,0.00788271232872093,0.049647621802312,1,1,"Up",8.55723003716771
"GO_REGULATION_OF_RELEASE_OF_SEQUESTERED_CALCIUM_ION_INTO_CYTOSOL_BY_SARCOPLASMIC_RETICULUM",761,0.00788271232872093,0.049647621802312,1,1,"Up",8.55723003716771
